id,Anger,Anticipation,Disgust,Fear,Joy,Sadness,Surpise,Trust
UC_Q51pfEm5-L7Q7N-i1W3wg,0,1,0,0,1,0,0,0
UCAqHpEnYCNEbBSOtSKI6D1A,0,0,0,0,1,0,0,1
UCIiKn4Qet8YBnSgyh36KAeg,0,0,0,0,0,0,0,0
UCCaabPFpqlTog1a9NcGNg0g,0,0,0,0,0,0,0,0
UCY2jUnU118sVkdj2xafiJ0g,0,1,0,0,1,0,0,0
UC4Pg4VMErK0WQJZI_suR7jA,0,0,0,0,1,0,0,0
UCkcudKg1F03R8hemF2Ojimg,0,0,0,0,1,0,1,0
UCW5_WauTkyJj3hsEVIIg8dQ,0,0,0,0,0,0,0,0
UC44eGZ76AJLHAxPaJ_MW2RA,0,1,0,0,1,0,1,1
UCNDVFsOY1HMSXDhcxuEfGoA,0,1,0,0,1,0,0,1
UC7_yh9PEDpaqp34QtGO-_Yw,0,0,0,0,0,0,0,0
UCNzsYU0aWwjERj-9Y9HUEng,0,0,0,0,0,0,1,1
UCNXr2M9miMhQrHZDLwVLONg,0,0,0,0,0,0,0,0
UCgwv23FVv3lqh567yagXfNg,0,1,0,0,1,0,0,1
UCkZ_KGjLKvfvs30tJDFVwUA,0,0,0,0,0,0,0,0
UC9sY9S-ddN-1E0jD2fFWLig,0,0,0,0,0,0,0,0
UCWr4vlkj5xXQ4bSXNeTT2AA,0,0,0,0,1,0,1,1
UC3FBdA2krgGmdGdqxqDjElA,0,1,0,0,1,0,0,0
UC-4G49konaVc4Zyw9SNGc4w,0,0,0,0,0,0,0,0
UCXodGGoCUuMgLFoTf42OgIw,0,0,0,0,1,0,0,1
UCS_BQjyp0_62lO09p5ZfYLg,0,0,0,0,1,0,1,1
UCxeOZigj9hGZH-5av0uaJGQ,0,1,0,0,1,0,0,1
UCOk55dAgB8VnMlhaTEMeX5A,0,0,0,0,1,0,1,0
UCqdGW_m8Rim4FeMM29keDEg,0,1,0,0,1,0,1,1
UCFOnJByYT1poZhxoUHaBGQg,0,0,0,0,1,0,0,0
UCLhO_QqMBdKOrV_nf8UwzlA,1,0,1,0,1,1,0,1
UCdE4s5fAVkAQTfjG_qC4uTA,0,1,0,0,1,0,0,0
UCBKT825iA5p09fAZ-9wd1vQ,0,0,1,0,1,0,0,0
UCzIdYMdAtTsWucGCZyZvN6w,0,0,0,0,1,0,0,1
UCB5G0kdBHEn8uDT3pfDUkkQ,0,0,0,0,1,0,0,1
UCeGjlsryBLOQNlMhE5MSioQ,0,0,0,0,0,0,0,1
UC-AxiwZdOVazFqggF1F2aLg,0,1,0,0,1,0,0,0
UCwKyfVn8hnsz2SNEmPueoPw,0,0,0,0,0,0,0,0
UCP2KufrODfbKTULzHJ8uI_g,0,1,0,0,0,0,0,0
UCTVzy8sOUFi-a5NBhuPv7tQ,0,0,0,0,1,0,0,1
UC21LBTN66AkhehxaYr8Vowg,0,0,0,0,0,0,0,0
UCfPSzsqQWfR2IW8A5vMa42A,0,1,0,0,1,0,1,1
UC5QDH1Gj1DBsgNnnYexAErQ,0,1,0,0,1,0,0,1
UCzPMUOQiUoq9GnhHgcLZEqQ,0,0,0,0,0,0,0,0
UCu4mAgni85Q6uIGIAJ1-Feg,0,0,0,0,0,0,0,0
UCiBvuoKHWkW62kM0H5OakRA,0,0,0,0,1,0,0,1
UCxj3yv6V6VXqFV2qrIQlOPw,0,0,0,0,1,0,0,1
UCs0upBDG-dCAxy8_VDPE5XA,0,1,0,0,1,0,0,0
UCKE6prY-lztVSD4YZt2Co4w,1,1,0,0,1,0,0,0
UCCkR0LFfQuOIgSQ6KiDbvmQ,0,0,0,0,0,0,0,0
UCvJYAAZlfnNHnhKD_cxLhcw,1,1,0,0,0,0,0,0
UCUAL--p3qAa27luR0IYbjZA,0,1,0,0,1,0,1,1
UCFkW3zyiniJ9Dn8nLR8_v3w,0,0,0,0,1,0,0,1
UC1W4T2HfKVCJM4ICOjzxoBg,0,0,0,0,1,0,0,1
UCOLSVS2agpnBNZlYEE2mLkQ,0,0,0,0,1,0,0,1
UCWda0RFPFeV2TO54PNxTMmA,0,0,0,0,1,0,0,0
UCf9xTqXTItfs5R0JZqlomjA,0,1,0,0,1,0,1,1
UC9tRWxIEybKyUNXSsllpqBg,0,0,0,0,0,0,0,0
UCK5Q72Uyo73uRPk8PmM2A3w,0,0,0,0,0,0,0,1
UCpekra_v5x9oNXRRHtj_HNQ,0,1,0,1,1,0,1,0
UCGnCcs-xBdUyUM9AMuYNcuw,0,0,0,0,0,0,0,0
UCPVN2sbn6lG5Bwjm60ZA2gg,0,0,0,0,0,0,0,0
UCDvEoBM4lmljDRzKJrox1hg,0,0,0,0,0,0,0,0
UCB89VdFsWxBsUBy2O2lB5og,0,1,0,0,1,0,1,0
UC2ciSIq8V-HdaZkfHcEBPYQ,0,1,0,0,1,0,0,1
UC6zhI71atP7YLoZyIyCIGNw,0,0,0,0,1,0,0,1
UC6zPzUJo8hu-5TzUk8IEC2Q,0,1,0,0,1,0,0,1
UCBN7qVKYrsQelWnyt7J28Ug,0,0,0,0,1,0,0,0
UCHkImkyGmhSxGbHKJvav5Ig,0,0,0,0,0,0,0,0
UCXKhxWbzx_uP_Ubad18xbDw,1,0,0,0,1,0,0,1
UCTYU_EGMogQmg0jk2sRfXbw,0,1,0,0,1,0,1,0
UCPyvb2tkhoTljRcVrf-qpUw,0,0,1,1,1,0,1,0
UCK9F8nycURBsR0YlrBsu1Ag,0,1,0,0,1,0,0,1
UCfaZw8XH_zmAVkBst_MPD6w,0,0,0,0,1,0,1,1
UCzSPxPb3u5Xf5LWtZJFmU0w,0,0,0,0,0,0,0,0
UC1K0Di0l79nMOxVCU7oHW-Q,0,1,0,0,1,0,0,1
UCS94J1s6-qc8v7btCdS2pNg,0,0,0,0,0,0,0,0
UC1f30HQiOR7NzmE8PYPQhZw,0,0,0,0,0,0,0,1
UCfJf8DrUe-IsxpWo1ssJw5w,0,1,0,0,1,0,0,1
UCUe6ZpY6TJ0no8jI4l2iLxw,0,0,0,0,1,0,0,1
UC08d1QqBdQFwcJo9BbA-Gug,0,0,0,0,0,0,0,0
UC58otONbfRjWcYjlJvHaYfw,1,0,0,0,0,0,0,0
UCjmAh2qxmvWdH3xNPbg0IUQ,0,0,0,0,1,0,0,1
UC4k7WVOJHZ_ihx9ta2eu7mQ,0,0,0,0,0,0,0,0
UC4ODgZPSmUVgpbjT_CVNBpA,0,0,0,0,1,0,0,1
UCsRW8ikkc-uISUXtNKBfFcw,0,0,0,0,1,0,0,0
UC-5E0ZHSkN6hExW4rDCY4vw,0,0,0,0,1,0,1,0
UCsp0Ze3E3PSpFkwj7ia6aPw,1,0,0,0,1,0,0,1
UCcr3VURKPVL_D1Ag5nmFOFw,0,0,0,0,0,0,0,0
UCUI8XDywSfFSYBLqNS79QKQ,0,0,0,0,0,0,0,1
UCKAqou7V9FAWXpZd9xtOg3Q,0,0,0,0,1,0,1,1
UCyL_DfK9qanz7TWeIaJCKOQ,0,1,0,0,1,0,0,1
UChz5aEi3dfrDVC8-YJsMUDA,0,0,0,0,0,0,0,0
UCeVvKlU2X_-deXXwibuoOfw,1,0,0,0,0,0,0,0
UCCqAU0_8JgGxZs_Hslyzn-Q,0,0,0,0,0,0,0,0
UC9rGkf9kmCDi4kAmbd1Csyw,0,0,0,0,1,0,1,1
UCkDGE4U7Ca52Eo1y_01WXnA,0,0,0,0,0,0,0,0
UCelMeixAOTs2OQAAi9wU8-g,0,1,0,0,1,0,0,1
UCTph5drG1otLxUd1Uf8wlWw,0,0,0,0,0,0,0,0
UCecCngpPbJJZkK_b2RvSb-Q,0,1,0,0,1,0,0,0
UCP3bceupheuBgoOAsBmVCoQ,0,0,0,0,0,0,0,0
UCAkOQ5XDjqqmw7ijhEmhAgw,0,0,0,0,0,0,0,0
UCvlgKYQD9vmw8eWsTra7hOg,0,0,0,0,0,0,0,0
UCRiFIIjaK51I8xnxAkiBwfw,0,0,0,0,0,0,0,0
UCifWNRrXHbRYdgYYiqE9OyQ,0,0,0,0,0,0,0,0
UCj5Bz88QrJuOF5FcaxZ-0sQ,0,1,0,0,1,0,1,1
UC3InsF0nskaGxzzAIUDYbeA,0,0,0,0,0,0,0,0
UCgxHQ2vnyeqLCeNFUaks-UQ,0,0,0,0,0,0,0,0
UCTMJsJymzODHhoDeX7Z8u_Q,0,0,0,0,0,0,0,0
UCDQRuEmhDZKVV3T6-F3qhtA,0,0,0,0,0,0,0,0
UCdPG86Ahrf9A8YzBnFDAaEg,0,1,0,0,1,0,1,0
UCL_DNWIN-USXGVXPfmQLy2Q,1,0,0,0,1,0,1,1
UChRZS2yZ2TDEO13e3g4zHTQ,0,1,0,0,0,0,0,0
UCIe7rn_yIz7MGPEw7-EgaGQ,0,0,0,0,1,0,0,0
UCXBdYsnY6r76KaLFAyAujPg,0,1,0,0,1,0,0,0
UCvkvmLBdHodQ-a-6LeYFP0Q,0,0,0,0,0,0,0,0
UCu9MYfF0vosVcK38oNnnJxw,0,1,0,0,1,0,0,1
UCiSRILqVmWbYfxgT3YNIRww,0,1,0,0,1,0,0,1
UCSOkAH44edMHK1vodvve1DQ,0,0,0,0,0,0,0,0
UC_W0_Nv-3rxpWVvosddhrPw,0,0,0,0,1,0,0,0
UCmKxNGiiThXjwTAEIcsGRiQ,0,0,0,0,0,0,0,0
UC9WQwO95f6Cjr8St2tk_k9A,0,0,0,0,1,0,0,0
UC9WUMVR1jsan7IleT_bolsQ,0,1,0,0,1,0,0,1
UCdt_8VcD1Z_voDpdt1KPmBw,0,1,0,0,1,0,1,0
UCZb6NHiHNZZ0jeKDLqwm3DQ,0,1,0,0,1,0,0,1
UCBNXKrniCm4Qd9v5tTzY-aA,0,0,0,0,0,0,0,0
UCLxYJp3AlK5SD-W4lemR34A,0,0,0,0,0,0,0,0
UCV6P5rRVmiTL637byUZBTrQ,0,0,0,0,1,0,0,1
UCatemi6diUTXvO3zJhXk4qQ,0,1,0,0,1,0,0,0
UCxU7xOzM-iMfVnl0YNDOijg,0,1,0,0,1,0,0,1
UCtxLiGnI9Fs_74sW7gCTV7A,0,1,0,0,1,0,0,1
UC1uG6YE9N_4KS7EgxK65aSQ,0,1,0,0,0,0,0,0
UCGfbWCJjPwcAlBNkHT3gQ6w,0,0,0,0,0,0,0,0
UCPwQ8Yo90_ruIFPF3fLKwWA,0,0,0,0,1,0,0,0
UCN8S4CqMRy6tVKVXvs7Bzeg,0,1,0,0,1,0,1,1
UCvwdsAKQa8M-qnlA5qxJZGQ,0,0,0,0,1,0,1,1
UCJfhadGkdzeurRe-4cRcGPw,0,1,0,0,1,0,0,1
UC8NVCDv3NZhNtkOtJvWpoGQ,0,0,0,0,1,0,0,1
UCdDQfAINCml32sVCyp1B92Q,0,0,0,0,0,0,0,0
UCE76CBkDX591pxzps6bySOw,0,1,0,0,1,0,0,1
UCCKl-Kp_1pCyrdGaArNMx8A,0,0,0,0,0,0,0,0
UCByBXiL8TC7atFvIuNC95Hg,0,1,0,0,1,0,0,0
UC8JT4z4HMQt4ECORT6AxUlQ,0,1,0,0,0,0,0,1
UCtlth0w7_mYqpHPViMhQ99Q,0,1,0,0,1,0,0,1
UCDLHh9rTYYJZzoYA1vaNN2w,0,0,0,0,0,0,0,0
UCAOtE1V7Ots4DjM8JLlrYgg,0,1,0,0,1,0,0,0
UCey_5HjnJ1EYI7k-_bjVFTg,0,0,0,0,1,0,0,0
UC66qTRH20AvahadBgw5YYyQ,0,1,0,0,1,0,0,1
UC_w1BVttp1X2wDJsm-xbnCA,0,0,0,0,0,0,0,0
UC6nlVQNUBIOHpRG-WJwDrsA,0,0,0,0,1,0,0,0
UCyPz82J9A8xU5L6lHyLVHpw,0,1,0,0,0,0,0,1
UCDlMf3zbdoWYzTwQsaD0fRA,0,0,0,0,0,0,0,1
UCpYye8D5fFMUPf9nSfgd4bA,0,0,0,0,1,0,1,1
UC_NQM41t_vKHOXjjglGUKaw,0,0,0,0,0,0,0,0
UCSNgN8kLQ9Tj93Q4OZzQfMA,0,0,0,0,1,0,1,1
UCrqibU7I1_b1M06OLieE-Rw,0,1,0,0,1,0,0,0
UC2TndVNTUc15LFYtWU5Cgbg,0,0,0,0,1,1,0,0
UCH8YVMiSz89yFnDhKC-fByQ,0,0,0,0,1,0,0,0
UCCXx3XcQMzeHK8QK_mMbwhw,0,0,0,0,1,0,0,1
UCdIdODXT0pF69ZetPFcvIVw,0,0,0,0,1,0,1,0
UCxUZwdsqshu2iLQwdEE6e7Q,0,0,0,0,0,0,0,1
UCanlycN4wHIIb2f1G9cMzTw,0,1,0,0,0,0,0,1
UCcOj1rEHLhu3QDHP_gGgVkg,0,0,0,0,1,0,0,0
UCPC55dCdzIjNJd421LbK3uw,0,1,0,0,1,0,1,1
UCyf6g7DAPhMmrdHvU-JhPAQ,0,0,0,0,0,0,0,0
UCquMFVZvpf8eczgNSnCgYlw,0,0,0,0,1,0,0,1
UC2jbl74JBq11F3F6JVDjVoA,0,0,0,0,0,0,0,0
UCfYbdAudQpibCmMkJhPpOJg,0,1,0,0,0,0,0,0
UCpf1jZWZFaN8IbvSYj6V4xg,0,0,0,0,0,0,0,0
UCQemutUrc8R-t0YxFqynZrQ,0,0,0,0,1,0,0,1
UCCFvB7uMIGYE9zOPim66cSw,0,0,0,0,1,0,0,1
UCRqYmG1fVurWEsZ2nUqX3Bw,1,1,0,1,1,1,1,1
UCAapLx9Jr4aClLgkrFRTZAQ,0,1,0,0,1,0,0,1
UCCLP0sZ8fmtoc3y1__5P3JQ,0,0,0,0,0,0,0,0
UCbCmjCuTUZos6Inko4u57UQ,0,0,0,0,1,0,0,1
UCsDAemirN7qaUriaXzsFaHA,0,1,0,0,1,0,1,0
UCiE7Gx_LqbINklSQlmoJXSA,0,0,0,0,0,0,0,0
UCMt00ffUeZE9wIFygQwyDQg,0,1,0,0,1,0,0,0
UCOhb9t1loqbrnbx0anRA1nw,0,1,0,0,1,0,1,1
UCgNQQHp2mmKK3M778TGNV1w,0,0,0,0,0,0,0,0
UC7oIi5c0fObl2xZmtH1HTHg,0,1,0,0,1,0,1,0
UCp2HlZ2hc50Gla0G_1H90cQ,0,0,0,0,0,0,0,0
UCX7CYiI89e6wBnwytOx8A-Q,0,0,0,0,0,0,0,0
UCK2jX2R0GY3WjYhyM--Bomg,0,1,0,0,1,0,0,1
UC4dZWADIQHl5bTvYCmTBAxA,0,1,0,0,1,0,0,0
UCWlK0s4T4gyLavYiQTpSzKQ,0,0,0,0,0,0,0,0
UCiEWCGtcxlJsoHb1txitlWA,0,0,0,0,0,0,0,0
UCnC5FEYCvpN_Tq2eOpyg9pw,0,0,0,0,0,0,0,0
UCcdwLMPsaU2ezNSJU1nFoBQ,0,1,1,1,1,0,0,1
UCKHs0lhebTncn59ObjQGQSg,0,1,0,0,1,0,0,1
UCr7Bcu_X0cOwNfNM6ePYBXA,0,0,0,0,0,0,0,0
UCvC40mkvdkHYoU5m525pkdw,0,1,0,0,1,0,0,0
UCrzitFXURV4FL228cKFsoLA,0,0,0,0,0,0,0,0
UCyWohiN11XCSHRS7ItrcKwg,0,0,0,0,0,0,0,0
UCFZpNUZ_mA57P26Kl5GR3Rg,0,0,0,0,0,0,0,0
UCqXIVeWC-QLBmCkCux4Z8nA,0,0,0,0,0,0,0,0
UC5mMf2NE17_MiTL94ihRN2w,0,1,0,0,1,0,1,1
UCfZTEk_8x8xzjklURE1EAmw,0,0,0,0,0,0,0,0
UCsaOzYsyshyrYL4SHCTI8xw,0,1,0,0,1,0,0,0
UCm43o9t_e_YWYt7Kg0U_Ztg,0,0,0,0,0,0,0,0
UCfhDLKv3kZpGfgq-Na7gSag,0,1,0,0,1,0,0,0
UCBKLLUSOrnsb-wiSZH1jCtg,1,0,0,0,0,0,0,1
UC2BIcp1MW-akruYSv7bMGGQ,0,0,0,0,0,0,0,0
UCxz-1IROo6QyjY8fheIA9AQ,0,0,0,0,0,0,0,0
UCvq0BbsWrF0OP4q_q2X1M3w,0,1,0,0,1,0,0,0
UCwAQ92vsxyjuJbiY86yQG0Q,0,0,0,0,0,0,0,0
UCiirnBlVYod4MvLFgy4FELA,0,0,0,0,1,0,0,0
UCH5j3YFiiY9Am6ZfYLAUdHA,0,0,0,0,0,0,0,0
UCpnDeduW4x-ww_UOaUAH6WQ,0,0,0,0,1,0,0,1
UCQ2WjcRRelz7iLn9s0igjww,0,0,0,0,1,0,0,1
UCzLnRpsdIXKwpS79HhqZuCA,0,1,0,0,1,0,0,1
UCwvMBIL5Q0LhRTd9HC6tbgw,0,1,0,0,1,0,0,1
UCN106RQxroojNzkEMuRC0BA,0,1,0,0,1,0,0,0
UCLUEktLBavTJM6QEsCQm3MQ,0,0,0,0,1,0,0,1
UCcGhP8pDjqIBJvpCZpz54ig,0,0,0,0,0,0,0,0
UCvlE5gTbOvjiolFlEm-c_Ow,0,0,0,0,0,0,0,0
UCmNshpkVaqUt-Qmo2d0h0Qw,0,1,0,0,1,0,0,0
UCYJZ1mbTI0imJqexFk7EwUA,0,1,0,0,1,0,0,1
UCCp0ULwyMngrYALdNXpYKmQ,0,0,0,0,0,0,0,0
UCES9EqBs_G5cF-ZwAbfj2Mw,0,0,0,0,0,0,0,0
UCuWbqDI1CbUKp8myXh71jrw,0,0,0,0,0,0,0,0
UC_JIOktBLfTHoWzi9R9bgrg,0,1,0,0,1,0,0,1
UCsORqCTn-6JHnAxoaxI9bcw,0,0,0,0,1,0,1,1
UCHtZ2_7hd1zy9aCqrrcaqcQ,0,0,0,0,0,0,0,0
UCd2rTHJH5AsOzLTpHkP99kg,0,1,0,0,1,0,1,1
UCsIoBmCIpp62ikGuXA_4SoQ,0,0,0,0,0,0,0,0
UCI9Mjb1djoXoGt1X1GjAjEQ,0,1,0,0,1,0,1,1
UCIDib6YIUc4Jx34YL3QDZHA,0,0,0,0,0,0,0,0
UCVNrpO7KiVMdwOdFZwLkWRA,0,1,0,0,1,0,1,1
UCqjaTPCl-Ljsiz4kkiuo6RQ,0,0,0,0,1,0,0,1
UCxgshx_A4p-uraUwDN-ohgg,0,0,0,0,0,0,0,0
UCRP4LUxsY0ukF1KAFovNLmg,0,0,0,0,0,0,0,0
UCJ3QdAJS0e6_f9Bdj_rbB5g,0,0,0,0,1,0,0,1
UCKVXtVmnVNcgttb6Bz66H-w,0,1,0,0,1,0,0,0
UCwo9EudhZHe7Ru4D9GgcmCA,0,0,0,0,0,0,0,0
UCQe2Y7V-C9bNMAcCJCBvzQQ,0,0,0,0,0,0,0,0
UCFPeS5IEyYAHyAUPxLcw1yg,0,0,0,1,1,0,0,1
UCcUYGJmWfnkIyE36wss_nAw,0,0,0,0,0,0,1,0
UC7b4nlTqLVbuyC2Jjw0LqnQ,0,1,0,0,1,0,0,0
UCChgz-3siL4W3V9FW2sWEHQ,0,0,0,0,0,0,0,0
UCv9cFczm2s-AtARtwJiLhVw,0,0,0,0,0,0,0,0
UCNCcCPWqkXntAspdI913Y4w,0,0,0,0,0,0,0,0
UCAjpFyA7FCRoGOuj5i4kq9g,0,1,0,0,0,0,0,0
UCGlG8pRVaWZmNCoqWS9qbNw,0,0,0,0,0,0,0,0
UCSt55-pDm3CPD8hXhXRNdmA,0,0,0,0,0,0,0,0
UCq19CAtpAT9LfVqLUQi11hA,0,0,0,0,0,0,0,0
UCft4i6nPp3srzTAy8w1hSbQ,0,0,0,0,0,0,0,0
UCP8BV2rMZwr6YtKYTsLaH8w,0,0,0,0,0,0,0,0
UCnV0EMlMgCW2F8jZF6MLYKw,0,0,0,0,0,0,0,0
UCu-I_FN07kcDjSIlo5s-OUw,0,0,0,0,1,0,1,1
UC39Vjs-cQ6JnDKMwJ0cyJ6Q,0,1,0,0,1,0,0,1
UCui2OwlMBfTW2RWOGDCdI6w,0,1,0,0,1,0,1,0
UC5Y7sNRTgY78NI_E2lsJ64w,1,1,0,0,0,0,1,0
UCT80pRmuw_PIw_5HrqL9HPQ,0,0,0,0,0,0,0,0
UC1Kr3zq4xr5eIUFu3Gar8EQ,0,1,0,0,0,0,0,0
UCYJ_aFS9KwUE-2EKGB0IJsQ,0,1,0,0,1,0,1,1
UC1HMqw-2O2NnmK0Z5-8IzPw,0,0,0,0,0,0,0,0
UC23az39QBZZn2rt2Kch0OhA,0,1,0,0,1,0,0,1
UCooWvuL-d5lL4KhQvyLSlDw,0,0,0,0,1,0,0,1
UC7VKNKUyBasHxHSnxcG249w,0,0,0,0,0,0,0,0
UC40xkOfqcILW34IlfyGLMCQ,0,0,0,0,1,0,0,0
UCVc_oqdgoVCNh4gpN-dEshQ,0,1,0,0,1,0,0,0
UC5ql99d3dDMuRQDJkZHUNaA,0,1,0,0,1,0,0,1
UCunkR_ekffRWZppVa1E6tIA,0,0,0,0,0,0,0,0
UCKNxe9-HQRngiQ0DOXVdzIg,0,0,0,0,1,0,1,0
UCSK2RFSWBUZ5aCz27jcg0Dg,0,0,0,0,0,0,0,0
UCmraZwWAlMHxyR5nVjWzRPQ,0,0,0,0,0,0,0,0
UC03GdYOZbnLQAPDXmjc6W9g,0,0,0,0,1,0,0,0
UCNz1NDkML_9CITkgAZap_EQ,0,0,0,0,0,0,0,0
UC49lY9F3iV3m2pe1xVaxfwg,0,0,0,0,1,0,0,1
UCcy8AQ6QZRuoHxR7c5ZVHMA,0,0,0,0,0,0,0,0
UCuxe7OCum_5OGfG8A5GOgFQ,0,0,0,0,0,0,0,0
UCxLOTgnqpSqQp_kMPlb7PWw,0,0,0,0,1,0,0,0
UCCXyLN2CaDUyuEulSCvqb2w,0,1,0,0,1,0,0,1
UC5hY3L7-g2rrX1Lh8lghNKA,0,0,0,0,1,0,0,0
UC25Vv5QnoLGF-LH__bHvYAg,0,1,0,0,0,0,0,1
UCeib2to0A3t7fe1rjNUZ2VA,0,0,0,0,0,0,0,1
UC-Gk_QcTbNd8XFNJJIvN_HA,0,0,0,0,1,0,0,0
UCcML_Jc32zi_QHWN2Ou5sAw,0,1,0,0,1,0,0,1
UCayRpbmAiiuU50OpDPVSjwA,0,0,0,0,0,0,0,0
UCinWuQYlQ71IM6mjxvjYowA,0,0,0,0,1,0,0,0
UC6LKuH7RPkvRmzS9-8URtqA,0,0,0,0,1,0,0,1
UCuW8NszZfAwPm5_qPJ1m9Hg,0,1,0,0,1,0,1,0
UCJREs4tLUt41Cb8Y6Yz0Q9A,0,0,0,0,0,0,0,1
UCvxzTKmHYIvGJMHXCkOQSoA,0,0,0,0,0,0,0,0
UC6Bc7FI-EwV21Z0eWAn8CLw,0,0,0,0,0,0,0,0
UCzjKFGxAQKNsydtyJMRLeEA,0,0,0,0,0,0,0,0
UCo82xGxmrhvJJcu6clXd2RQ,0,0,0,0,1,0,0,1
UChqgQO1KT8pNKbxFkIm65vA,0,1,0,0,1,0,1,1
UCW-nTiduQso39qU-nwRLFnw,0,0,0,0,0,0,0,0
UCeyYwRwsnlJqjEk9r0zN-Tg,0,1,0,0,1,0,1,1
UCt7x-R__qoamGgpoACGbMRA,0,1,0,0,1,0,0,1
UClgSs8tiO7xFDoHfOyjYfBQ,0,1,0,0,1,0,0,1
UCdyPIHVssA27_6C4ONHerdA,0,0,0,0,1,0,0,0
UCc-2P5tCezbxegb7gxp6EXg,0,1,0,0,0,0,0,1
UCz9jiBFADtVsjQj6uw5View,0,1,0,0,1,0,1,0
UCnspcLs2srRSiSN9QbQyzgA,0,1,0,0,1,0,0,1
UCQphRgAhj5UxktrQNP3WF5g,0,0,0,0,0,0,0,0
UCqjs1q8AgAVNiXMeSUTgRdw,0,0,0,0,1,0,1,1
UClrspzn-LEl1IS7PP6J2Dyw,0,1,0,0,0,0,0,1
UCQ0y1zqDwr7c-4_0Sn3OiNg,0,0,0,0,1,0,1,0
UCOHrblE5RytYqNt93C-6xlw,0,1,1,0,1,0,1,1
UCaFLF1d0KWvzXFup7fhSuBQ,0,1,0,0,1,0,0,1
UCX0QUC6ydqtM3yoZ-DCi2dQ,0,0,0,0,1,0,0,0
UC15U8LldHq-u_VtBZ5WD-vA,0,0,0,0,1,0,0,0
UC1r0AHAR1JqhdpnVaxRt2Dw,0,0,0,0,0,0,0,0
UCwW65z28kuEMHWJnYLBumFA,0,0,0,0,1,0,0,0
UC_Pa9A3YASuRuiXYkdY6cJA,0,0,0,0,0,0,0,0
UC8LDjhMPm6UaeT5B7IHZTIg,0,0,0,0,0,0,0,0
UCnda2vfoiN9UBuzvoMtvg4w,0,0,0,0,1,0,1,1
UCElmdUDpMSEhkzYDBM5D1VQ,0,1,0,0,1,0,0,1
UCZIXEpDUR07NvzHweJKADvQ,0,0,0,0,0,0,0,0
UC8slk_6v-581FuStNtDObcA,0,0,0,0,0,0,0,0
UCR0mY8lqnHQ2jMAiuPz5cuQ,0,0,0,0,0,0,0,0
UCnIup-Jnwr6emLxO8McEhSw,0,0,0,0,0,0,0,0
UCJplp5SjeGSdVdwsfb9Q7lQ,0,0,0,0,0,0,0,1
UCaNWG1vNcB-efbVwP-Ucb7A,0,0,0,0,0,0,0,0
UCRx3mKNUdl8QE06nEug7p6Q,0,1,0,0,1,0,1,1
UCUY6t_N9MyEWu6I0ZXkbtKA,0,0,0,0,1,0,0,0
UCWTUogPOPESVYvncnqp-rMA,0,0,0,0,1,0,0,0
UCbvMKgaNd9tDl8_ZjoorVdQ,0,1,0,0,1,0,1,1
UCdtn2lX0irVHd-MRHBmYuFw,0,1,0,0,1,0,0,1
UCIJ44QRtVGm_gBh_deuL5ow,0,0,0,0,0,0,0,0
UCssHNwKWTd9Aa3XbhltmO8g,0,0,0,0,0,0,0,0
UCUJz3Kx_UkivcPzdAmcFAPg,0,0,0,0,0,0,0,0
UC4WbPrDz80xWhm__jTYr1zQ,0,0,0,0,0,0,0,0
UCrEySuymGAXrm9ivZXmsG5g,0,0,0,0,0,0,0,0
UCyRzREMDp5tGKGkorYJ68vA,0,0,0,0,0,0,0,0
UChm75zB1lcC54HIreBjp3cA,0,1,0,0,0,0,0,0
UCrreHSUa5rnuCVDeO8dX4eA,0,0,0,0,1,0,0,0
UCTFiwqN4vrW7axA1Nr1DmZQ,0,0,0,0,0,0,0,0
UCrNnk0wFBnCS1awGjq_ijGQ,1,1,0,0,1,0,1,1
UC11SnGdJ_dCMfyWU3_Q-dlA,0,0,0,0,1,0,0,0
UCak0K2x6thcwx2HgvLKbkDA,1,0,0,0,0,0,0,1
UCi62-PN2YhhyLOOOYIHBYrg,0,0,0,0,1,0,0,0
UCCotmb6EB1FzgoGzYsT4j3A,0,0,0,0,0,0,0,0
UCgCuSz_4D6oOgxk4_CMtlag,0,0,0,0,1,0,0,0
UCawoeM28kp5w6wQwwDl5GsQ,0,0,0,0,1,0,0,1
UC7ZwQ2SmU952NRs1-KtKYFg,0,0,0,0,1,0,0,1
UCs7on9W7SIbyO4f-Pb7lgbg,0,0,0,0,1,0,0,0
UCuPwpWv51QQbb3lxR4K_bTQ,0,0,0,0,0,0,0,0
UCcsCqyzOf5LGGIrl7VCxFgw,0,0,0,0,0,0,0,0
UCurhhc188L7ARz8YMiQN7qw,0,0,0,0,0,0,0,1
UCJ2Zpj_vN9aKAtSbWytBAAQ,0,0,0,0,0,0,0,0
UCx790OVgpTC1UVBQIqu3gnQ,0,0,0,0,1,0,0,0
UCN7Vzk6tT4QsoYxHnKxrbyA,0,1,0,0,1,0,0,0
UC_c4psnFX-ZyCUXA_vlXpIQ,0,0,0,0,1,0,0,1
UCfQiA455x2qMpnYNyfyYi-w,0,0,0,0,1,0,0,0
UCdf3-6uDX7QAiuTpnoYKAUA,0,1,0,0,1,0,0,1
UCEG6CjJdFAk7BfSVXxMWVgA,0,0,0,0,0,0,0,0
UCEXFDIAmobI0x7D7rnuCE7Q,0,0,0,0,0,0,0,0
UC3rn3yj-3LlNWnY5ta8qVXA,0,1,0,0,1,0,0,1
UCiRRt7kZ8FA28fhdxrG2y4g,0,1,0,0,1,0,0,0
UCH0HvBshlVE7gCoV6as51og,1,0,0,0,1,0,1,0
UCc6k9Dfebh7KZnrIl2k3AtA,0,0,0,0,0,0,0,0
UC3Xvtda2B1OGhAoOorTVzbA,0,0,0,0,0,0,0,0
UCdPjfKIGOdNwJB8EFe-Ov5Q,0,0,0,0,1,0,1,0
UC480nIZgyKB7TV3F9K8mvaQ,0,0,0,0,0,0,0,0
UCy8JE02vK0Ag5IxBaENVSDA,0,0,0,0,0,0,0,0
UCF6JZbABQaC2wQ0KId8cghQ,0,0,0,0,1,0,0,0
UCt3r0P8fkPJwoLfxLP04Y3g,0,0,0,0,0,0,0,0
UCz1wcY6q4NfskgSEHD-buXg,0,0,0,0,0,0,0,0
UCpAWa_OKUOs3g3XavgdrlFw,0,0,0,0,0,0,0,0
UCK28K1IprwHTpOEy95DXGsg,0,0,0,0,1,0,0,0
UCVUdHi-tdW5AKdzMiTPG97Q,0,1,0,0,0,0,0,0
UCmFe3H3RS9lj76bj4p_Clyg,1,0,0,0,1,0,0,1
UCgKdmbAuRC8-jjpDy6Amhew,0,0,0,0,1,0,1,1
UCEUo20MbQDaZ19y7GR6o5CQ,0,0,0,0,0,0,0,0
UCovmRajiPdj800jgO22CEcQ,0,0,0,0,0,0,0,0
UCB5DCrEQdSSE0t7lwK9g48Q,0,0,0,0,0,0,0,0
UCW9mpfvO5t3KY0vDn8c9yGg,1,0,0,0,1,0,0,1
UCKIY7MfhM34LXoUmLyIDYvA,0,1,0,0,1,0,0,0
UCcodAvIIZt7PEbT4g6oQUuQ,0,1,0,0,1,0,0,1
UCdodt9k7SFkQmmYkqDawVAg,0,0,0,0,0,0,0,0
UCfeIkx_3ajdIvFtsHWduThg,0,0,0,0,1,0,0,1
UCegSM4eTvXqXylcPQ2SDezw,0,0,0,0,1,0,0,1
UCE0juXWwPCEPdgHGAW91NtQ,0,1,0,0,1,0,0,0
UCBHtFOBvwfEAq4S4mY3OnhA,0,0,0,0,0,0,0,0
UCmoZaeNippb_rRujSSDZWlw,0,1,0,0,0,0,0,1
UCKcC6ZyP333NzA2HdayGl3g,0,0,0,0,0,0,0,0
UCkxXL3q6RjJ3Jxpxp_9453A,1,1,1,0,1,0,0,1
UCspBJnvek5bUBpwLSjp4IAg,0,0,0,0,1,0,0,1
UCACE1oA4yri1aXv2vgWBqsA,0,0,0,0,1,0,0,1
UCoi3aLlLa6xs0A1QwR_7oxA,0,1,0,0,1,0,0,1
UCUVnfQaEmCIhFZC5d_JniyQ,0,0,0,0,1,0,0,1
UCYv3LK7PNvRhyn168WAPCBA,0,0,0,0,0,0,0,0
UCK9tdfBjgXI0iXExp6D9H1w,0,0,0,0,0,0,0,0
UC5dXyZnDNRKKNiZ89JwpdAA,0,1,0,0,1,0,0,0
UC9ERyu2IC09qxhUAMlYOrOQ,0,0,0,0,1,0,0,0
UCt9SZgFExNwWTH5T_JnyF-A,0,1,0,0,1,0,0,1
UCg-YSRB6TsIq-c5PUZ0F1Jg,0,1,0,0,1,0,0,0
UCCOSYITWQHRSUxvlQ4_PSCg,0,0,0,0,1,0,0,1
UCMein5OasYr4Qvb2wsqKmDA,0,0,0,0,0,0,0,0
UC1fDuZS5ocvRje3wn_WurQQ,0,0,0,0,0,0,0,0
UC6cB9lGyhVKdxxAL-hS-r6Q,0,0,0,0,0,0,0,0
UCmxy940oB8wEKz602zya6rw,0,0,0,0,1,0,0,0
UCcXEFiBWB1qPBD2FeieAKHA,0,0,0,0,0,0,0,0
UCRL3LmQvt3G0d5UFnLPUKNA,0,0,0,0,0,0,0,1
UCGxxQTE7NmP35YhtmuWGtcA,0,0,0,0,0,0,0,0
UCdvZyOdIUeenZjNET0scceA,0,1,0,0,1,0,0,0
UCRdVJ9XqHCb6BqApCIO_TYg,1,1,1,1,1,1,1,1
UCiifkYAs_bq1pt_zbNAzYGg,1,0,0,0,0,0,0,0
UCDdq-AP4ELW0Jhzo3XrCibA,0,0,0,0,0,0,0,0
UCKOWKl8r7W2Fp9VP6MOo2Vg,0,1,0,0,1,0,0,1
UCWzjHW6wDM7-X7RvlbuGAOQ,0,0,0,0,0,0,0,0
UCwmPX6VM_fwhUX7tEnxV8Hw,0,0,0,0,0,0,0,0
UCUqVGpeUwrFZFNurg8pb8-w,0,0,0,0,0,0,0,0
UC3LUKl_RkACnX-fLtaJQ1ZA,0,0,0,0,0,0,0,0
UCcE1Ou8AFx01u_HVfFIIk4Q,0,0,0,0,0,0,0,0
UCLAX0ZPNC9nrzCxNGbdABkg,0,0,0,0,0,0,0,0
UCn9aylfW5MHOWBGQNaO_Img,0,0,0,0,0,0,0,0
UCeKFnLai0rHDtuGa_1BiDOQ,0,0,0,0,0,0,0,0
UCmkgg5el8Fg3IX_baZyfSaQ,0,0,0,0,1,0,0,0
UCjcDfiG5ViPeTVCEXvlxryw,0,0,0,0,0,0,0,0
UC7dPFcwt6CYYfH6pddOS6Lg,0,0,0,0,0,0,0,0
UC4N3oJKxR9rf1mE-UKHD4uw,0,0,0,0,0,0,0,0
UCaOJC_hkLN7qcI_YcEemJrA,0,0,0,0,0,0,0,0
UCS0iYqlX7ZB5f-ez-LUjYMg,0,0,0,0,0,0,0,1
UCw1hNwqMnoK2ExDYc1C68Qg,0,0,0,0,0,0,0,0
UCK5b_ZpkpAK6yi48u-tIsmA,0,0,0,0,0,0,0,0
UC5aphW8KFNRX2YSgDQVlobQ,0,0,0,0,0,0,0,0
UC3JabibvZ2NQFZHsI0eVOrw,0,0,0,0,0,0,0,0
UC2w5Nr8hsN-HjOVidBqDDOA,0,0,0,0,1,0,0,1
UC_xkEASf2ctn0fbxdKds53w,0,0,0,0,0,0,0,0
UC1q0PcMX2KX_xWVAWx0dS9Q,0,0,0,0,1,1,0,0
UCCQ2T12D0RaMISdp5FToN8A,0,0,0,0,0,0,0,0
UC9VVI_PzSXORzYmg5Us9iYw,1,0,0,0,0,0,0,0
UCfrREf-q6PbTxNgsB5XAp6A,0,0,0,0,0,0,0,0
UC5hGF_3toFzHf-efSFEWNrA,0,0,0,0,0,0,0,1
UClUsCEaF7EkbNFLBOwjCK8w,0,0,0,0,0,0,0,1
UCW5xCqirsmdKqYWYMj-pVUw,0,0,0,0,0,0,0,1
UC33fkk4oNhgT33DXMQroZ2A,0,0,0,0,0,0,0,0
UCUH9ymJSEZadhDuRgo0YzlA,0,0,0,0,0,0,0,0
UC1PUDdvVZWHrGbKTU1s-4_w,0,0,0,0,0,0,1,0
UCkYctg8pT2rKmXTOMNpUlRw,0,0,0,0,0,0,0,0
UCwd8sXm9BjOomh19pZOSu6g,0,0,0,0,0,0,0,0
UCi0vvYE1OQoG25FCSoPGTRw,0,0,0,0,0,0,0,0
UCkVnkJQ07pipfs_dRvclGcw,0,0,0,0,0,0,0,0
UCwfGWU2TJy8R4B43vU5FotA,0,0,0,0,0,0,0,0
UC5emGb55SWV0t-rP0nS6neA,0,0,0,0,0,0,0,1
UCtIGiOgAUxka5MTnALd3jUA,0,0,0,0,0,0,0,0
UCrbbNX6EqnbRQD09YkWULwA,0,0,0,0,0,0,0,0
UC7zUpv5LTAXy5c9jhhRz82g,0,0,0,0,1,0,0,0
UCcrHy0Y4MdTjEhQ9tyQO9nw,0,0,0,0,0,0,0,0
UCNBlftXlKWgKByxA43ZE69w,0,0,0,0,0,0,0,0
UCFAY2SDsmZQM-M0sYwU2Kkg,0,1,0,0,1,0,0,1
UCTwfjCfI1E98gSRXvFeipqw,0,0,0,0,1,0,1,1
UCNzVOsgJW2YbjNx-I0rZrOg,0,0,0,0,0,0,0,0
UCNqmmckGo2NEToV_l8upJxg,0,0,0,0,0,0,0,0
UC472FfyZD8eQBjgyJYs4QPA,0,0,0,0,0,0,0,0
UCUoTHtplln4H6jVZZyWXapw,0,0,0,0,1,0,0,0
UCn4fnhBLu54sMT04sOIvBkQ,0,0,0,0,0,0,0,0
UCfl4d1jiBqqGfbW33GJ5u2A,0,0,0,0,0,0,0,0
UCjlvzsw4fDMw60cDqPC4aJA,0,0,0,0,0,0,0,0
UCfQO-yhr3ECSksNDkiVe_rg,0,0,0,0,0,0,0,0
UCmPdC-x5cbRx2n8YpuVrq0A,0,0,0,0,0,0,0,0
UCmxGO04h7fECstn7rVn3lPA,0,0,0,0,1,0,0,1
UC5OgxhdZzlmuyGzuI7rrNDg,0,0,0,0,1,0,0,1
UC9a0m5kqBqO3_qPWcdNKJgQ,0,0,0,0,0,0,0,0
UCqz6ZXFmEQXvrdkWL3Wj_Tg,0,0,0,0,0,0,0,0
UCRDlNXEq7FRme7fFxfoxvyA,0,0,0,0,0,0,0,0
UCDFP_kA7QpmH_XsIxKRoOug,0,0,0,0,0,0,0,0
UCbpQVYv7UGlSXlfXsJ5hbMg,0,0,0,0,0,0,0,0
UCLlCvdOTqNMVZ97Url1vdSw,0,0,0,0,0,0,0,0
UCk7cDqWKk5wuVVYrOrYDtAg,0,0,0,0,0,0,0,0
UC284ITkkYi_i8gyhe57gGUA,0,1,0,0,1,0,0,1
UCjUcFh_3XIenEFtEukl1_vA,0,0,0,0,0,0,0,0
UCO8YuKU9uVZ5hAJo1ZIO-ig,0,0,0,0,0,0,0,0
UC7MNeyG3pCEx8Ij9mcss0-A,0,0,0,0,0,0,0,0
UCXDhDkZHuO43yYybfE9DxXg,0,0,0,0,0,0,1,0
UCifIm974Y7OFsGxN_Q-MqIw,0,0,0,0,0,0,0,0
UCGlLMOrZp8uQAYTPcFROftA,0,0,0,0,0,0,0,0
UCscRBz9tK_7sbMzTGxnDbFw,0,0,0,0,0,0,0,0
UCWWZgBurapVDUD-pP57rfSQ,0,0,0,0,0,0,0,0
UCkot3vGQtlFTOJYf974YN2w,0,0,0,0,1,0,0,1
UCdKicyl_ve5oyjasiO6njgQ,0,0,0,0,1,0,1,1
UCmUJ2usJiEz1FA1WhgVg6lA,0,1,0,0,1,0,0,0
UCD3ZiniSUmCoCAWDAeVPYHg,0,0,0,0,0,0,0,0
UCO35rF2Re0RO9e-0oL2x7Mw,0,1,0,0,0,0,0,0
UCwrMOYpxIBbu9d0ih1esQtg,0,0,0,0,0,0,0,0
UChlVnVt9qFtPfR6CYYQUTjQ,0,0,0,0,0,0,0,0
UC8nOSCbwWxpKvNwQa_CRKkw,0,1,0,0,0,0,0,0
UClx7ps6plxOepID9yfLY8Ww,0,1,0,0,0,0,0,1
UCsqz09vso8ki1rcRrtO6e7A,0,0,0,0,0,0,0,0
UCXTDyrtsV_MU_YfFfXA6MMQ,0,1,0,0,1,0,1,0
UCTng_sJyTuWwW1XFpSfK2Hg,0,1,0,0,1,0,0,1
UC1ASeSrQTGtWO3RYOYV8xYw,0,0,0,0,0,0,0,0
UC42WRb1LOw8jwJd4eqoi3RQ,0,0,0,0,0,0,0,0
UChywlcOh5K5wvnu0YZhrnmw,0,1,0,0,1,0,0,1
UCXRCVbIiwhN_AnE6QTNRmJw,0,0,0,0,0,0,0,0
UCuo4PXbSAdxKhsxmvIF7Bew,0,1,0,0,1,0,0,0
UCafAZdda1GHMuXZEXUtbMUQ,0,0,0,0,0,0,0,0
UCPJEHjJgO8nmOxktUhdXyjQ,0,0,0,0,0,0,0,0
UC16fhd4QK0N3qIYWg2MqoJg,0,0,0,0,0,0,0,0
UCQd6vI5UOOl73o9Wr5PO4iw,0,0,0,0,1,0,0,0
UCzGf0DdUJVrsbcWL3e_tK1Q,0,0,0,0,0,0,0,1
UCzfIkAJxur-8DJyvxEkYp_A,0,0,0,0,1,0,0,0
UCf0lplXzcBctdVEYUt155sg,0,0,0,0,0,0,0,0
UCpKaCg153iCvngJ3IOuBh2w,0,0,0,0,1,0,0,1
UCE34fwgW7kWr7tc7YiOWtRw,0,1,0,0,0,0,0,1
UC8ai7JwuCjOu8HYuads28EA,0,1,0,0,1,0,0,1
UCv2q8x0RieXyV63TwKELwAg,0,0,0,0,0,0,0,0
UC8ZyvXxO0tvyct3ixFUbdiA,0,0,0,0,0,0,0,0
UCNt7ly5bqEhkYgHvbq3eOJQ,0,0,0,0,0,0,0,0
UCzc1yj23emZOMBCJ3ShnBqg,0,0,0,0,0,0,0,0
UCHJNIjWLG8KW-Nj4sfqC9Qw,0,0,0,0,0,0,0,0
UCV9vjMX5lRhNAw0qUuDJAgw,0,0,0,0,1,0,0,0
UCFhALvednR_FGZHbeRR_nUQ,0,0,0,0,0,0,0,0
UC7-pn1VhkqM4NCy6imGiJSg,0,0,0,0,0,0,0,0
UC_Ucb4QsP0Mvg3qwP6ubpbw,0,0,0,0,1,0,1,1
UC_tQqQewkPnifm3rKuSCl3g,0,0,0,0,0,0,0,0
UCwjB0pnfWjWQ7vUWFYlJvrg,0,0,0,0,0,0,0,0
UCB1iTqoEI1Hp2eCr1qe8U5g,0,1,0,0,1,0,0,1
UCh40H5hYg4uOs8SPNQv-omg,0,0,0,0,0,0,0,1
UCceDx-9-JVy3NIeJomoIa7w,0,1,0,0,1,0,0,0
UC0YInpJiDsaEOTjghiZsfWw,0,0,0,0,0,0,0,0
UCfwyjN6QZDOhfKZVjW8sPew,0,0,0,0,0,0,0,0
UCnn6dzgven-uC_9XXO0E0Yg,0,0,0,0,0,0,0,0
UCYej-juCoKZ6WAwWtqaD_EA,0,0,0,0,1,0,0,1
UCVBcAurjx0JV_TSHzCYGjrA,0,0,0,0,1,0,0,1
UCbmFeuMKVHUbZaqWemQv6rg,0,0,0,0,0,0,0,0
UC-qJXZpIFyi747gJdjHYT1A,0,1,0,0,1,0,0,1
UCe4A5VhTNhzZGfjYsAP2pcQ,0,1,0,0,1,0,1,0
UCMI6A41XPvGcqv99f2b0jaA,0,0,0,0,0,0,0,0
UCjgaBgc-WAen1DxXsI_Qvqg,0,0,0,1,1,0,0,1
UC6oE949Fgi_OXqztyGTJjXg,0,0,0,0,0,0,0,0
UCf28qRwU8wrwlm5Dlfl_DxA,0,0,0,0,0,0,0,0
UCNlIMbkllH5jTVipezA_HKA,0,0,0,0,0,0,0,0
UCzuDLR6BmVVOZvSAGfhK-og,0,0,0,0,1,0,0,1
UCFk4xzhBoLSIPB-xHfnUsEw,0,0,0,0,0,0,0,0
UCK4eSu-3jROjT2RLBUZAqmQ,0,0,0,0,0,0,0,0
UCYpv5RExPDThCn8huhCi9Ow,0,0,0,0,1,0,0,1
UCsEu4lk2O55xzm6kXPg0Dag,0,0,0,0,1,0,0,0
UCIMVl-VnQ_s2NjhJCHkWr-A,0,0,0,0,1,0,0,1
UCrDSp0dk78r34jWrV-6inuw,0,0,0,0,0,0,0,0
UCXJwet_hLNDOcJfSdMvtAig,0,0,0,0,0,0,0,0
UCGWMC6m9D4OYxxCyu6ZYukg,0,0,0,0,0,0,0,0
UCcTdoj4SNNo5pRgPcbJhCSw,0,0,0,0,0,0,0,0
UCag4r_nn5S-EDKT4NtVoGeg,0,0,0,0,0,0,0,0
UCwxAoBwSosO5i25Mf3wQ7fQ,0,0,0,0,0,0,0,0
UCbeX4XQg8u1k_M6nhya0VlA,0,0,0,0,0,0,0,0
UCFwqP4rLXDUIf-J4ufme3iA,0,0,0,0,0,0,0,0
UCcpmYiIfYIHKhEvIddiIYoA,0,1,0,0,1,0,0,1
UCcp5Afr_1qXMhn3UfDhtc6g,0,1,0,0,1,0,0,0
UCRxpEdsmC7dojrESS_r5o9A,0,1,0,1,1,1,0,1
UCXdR1dlFMgzYQw6q_W7_eFA,0,0,0,0,0,0,0,0
UCp6dHULxoo7RtUeDUcVOeqg,0,0,0,0,0,0,0,1
UC26shW2UGQ9wIzP0sWDX0bA,0,0,0,0,0,0,0,0
UCEG3ulBltfrvOE8baBogJ0g,0,0,0,0,0,0,0,0
UCfKiVfd42VuoSn8gCWEZFdA,0,1,0,0,1,0,0,1
UCJBdXfI7rjW30TULIx3kVJA,0,0,0,0,0,0,0,0
UCnWuEucGbd7vSVSXNSieHNA,0,0,0,0,0,0,0,0
UC7G5I7D2WU5YO_v0391tdQg,0,0,0,0,1,0,0,0
UCUf7BpZJOP4YnfF2iVDt-_Q,0,0,0,0,1,0,0,0
UCuCilda5luFnZdQY6Rrl6Qg,0,1,0,0,1,0,0,1
UCeICQYJY4NM3DJqmr1C6nQQ,0,1,0,0,1,0,0,0
UC4k16xyKYxzxYVB9yqK67-Q,0,0,0,0,0,0,0,0
UC5vACVV3T5vy3wffL-d-ROw,0,0,0,0,1,0,0,0
UCarmgZUjfTYKCS8hF6g1eag,0,0,0,0,0,0,0,0
UCNz7Bw_1EHtKPOkQsmOjvyg,0,0,0,0,0,0,0,0
UCv1Qbk3h5YCe5jdCXrd6Z1g,1,0,1,0,1,1,1,1
UC_mDJ4TFmC_2sVRWthSm5Qg,0,0,0,0,0,0,0,1
UCJDhSzsEhTtuVA-LgGwaPtg,0,0,0,0,1,0,0,1
UCLSJljLmehtomJ-zQHZrI2g,0,0,0,0,0,0,0,0
UCIuxFBROG2CS0R3B43cSjmQ,0,0,0,0,0,0,0,0
UCMSYG1V8tJB3X2LWPGx4gJw,0,0,0,0,0,0,0,0
UCMMU8tKiLc8lNY0P2tuFWNQ,0,0,0,0,0,0,0,0
UCgM-S3-UP-hsVpsvG1AjUhg,0,0,0,0,1,0,0,1
UCLoKWb_rlp80mg0aSLtsUGw,0,0,0,0,0,0,0,1
UC2gkvW4C57bB_nfAPOaa_hQ,0,0,0,0,0,0,0,0
UC5oYjAGXJMM-MQ17V4FZi_A,0,0,0,0,0,0,0,0
UCCa0BnCIDBGzmw4daUGZ0yg,0,0,0,0,0,0,0,0
UC95vlj32IbpE3D7yxyB3v3w,1,0,1,0,0,0,0,0
UCHkYJumt7s0sSeQToXTWe-A,0,0,0,0,0,0,0,0
UC-ZLvWgNpzmA0wyinntKGhQ,0,0,0,0,0,0,0,0
UCubwl8dqXbXc-rYE8MOSUnQ,0,0,0,0,0,0,0,1
UCtzJmgydgC-tKjj06pD1nzA,0,0,0,0,0,0,0,0
UC2rt67b7__VAlXRPw-zRLNA,0,0,0,0,1,0,0,0
UCl7ZXbZUCWI2Hz--OrO4bsA,0,0,0,0,1,0,0,1
UCK1Mk7sw4gPH9zAHNkkdsIA,0,0,0,0,0,0,1,0
UCyR1NFjV0zajTEKnNjjSmwQ,0,0,0,0,0,0,0,0
UC3AgxXIspxGB8Mb-6bO9YlA,0,1,0,0,1,0,0,0
UC1Zw8ByGsVpez-QSE7OoyTA,0,1,0,0,0,0,0,0
UCwef89ahuI7NyktldnaB3Pg,0,1,0,0,1,0,0,1
UCQm7lPfyFeVL8CBGDtT1ARQ,0,0,0,0,1,0,0,1
UCsP7Bpw36J666Fct5M8u-ZA,0,1,0,0,1,0,1,1
UCHWnj9Q4f8nt0LXnKNL0Qyg,0,1,0,0,1,0,1,1
UCNyp7l_6hmeKUrTOULmpiXA,0,0,0,0,1,0,0,1
UCAIwP8rS3LQpPC9fcT9O2jw,0,0,0,0,1,0,0,1
UCjSKJvqzm64jUFbD_HIj9DQ,0,0,0,1,0,0,0,0
UC_1V6W-79v23tzOZfhJZMSQ,0,0,0,0,0,0,0,0
UC15L57gijMxDawbshNTuyAQ,0,0,0,0,0,0,0,0
UCaKcp9_Vk_IcJvGren0EggQ,1,0,0,0,0,0,0,1
UCxlbLx5Sf32DmDZ6-CsNPDQ,0,0,0,0,0,0,0,0
UCoItiqwcDVoBVQLV7QkdOCg,0,0,0,0,0,0,0,0
UCl-Xmyg8FdWqcqDj61FHoIA,0,0,0,0,0,0,0,0
UCmTXojpMxLr_HNW3lBFZI2Q,0,0,0,0,0,0,0,0
UCPIUbsdmbMgEmGiZQQH1pWg,0,0,0,0,0,0,0,0
UCChj3Umxf4oYV-KWYu7G84w,0,0,0,0,0,0,0,0
UC2w-grtBJ1gDvgAntmjA3yA,0,0,0,0,0,0,0,0
UCnrO0wqhKpMYUt_wSeaIasw,0,1,0,0,1,0,0,1
UCP8x6n1WVwmTeBXt9XaDPKA,0,0,0,0,0,0,0,0
UCPpNzLXRaKyoOUeRIbKWbIA,0,0,0,0,0,0,0,0
UCF7spvK2_vtkJC9aiulbvJQ,0,0,0,0,0,1,0,0
UCzML6bxjl0TIdUfNNK1ZS-g,0,0,0,0,0,0,0,0
UC4USoymfPTvU_l4dcU-JB4Q,0,0,0,0,0,0,0,0
UC-VE8cOarVPUS5byUX2Tj0A,0,0,0,0,0,0,0,0
UCvWg1-T2f15-KJnlmAfHV9w,0,0,0,0,0,0,0,0
UCJzxv4eu4HF_k9nwL7GPTzg,0,0,0,0,0,0,0,0
UCIhxlcbdzQ_kEjIilDo51ug,0,0,0,0,1,0,0,0
UCSEfGt2GeAyEmRhIRJStHdA,1,0,0,0,0,0,0,1
UCKEWqxJOT002Ih1W-HTV1hw,0,0,0,0,0,0,0,0
UCGQMeaTA8rTcTBcUm4rjeIA,0,0,0,0,1,0,0,1
UCMjBlMeJDCqYQQ82BdZu4Ug,0,0,0,0,0,0,0,0
UC_IRYSp4auq7hKLvziWVH6w,0,0,0,0,0,0,0,1
UCf4eZUW9dBazMjXZPZXditA,0,0,0,0,1,0,0,0
UCm3hAp1m1xlAz0ve_EKAo4g,0,1,0,0,1,0,0,1
UCZ-oMIRggrNuzsWLtNFXBXw,0,0,0,0,0,0,0,0
UCSNRhMeczKQe9ILiMZmyvFQ,0,1,0,0,1,0,1,0
UCNqRS1gSJFMNPVwye1gyI_g,0,0,0,0,0,0,0,0
UCzBay5naMlbKZicNqYmAQdQ,0,1,0,0,0,0,0,1
UCL7UTQpJbDWxzXNBRUyg6lA,0,0,0,0,1,0,0,1
UCDCNmuaOXOo25Yn4mbMHhhQ,0,1,0,0,1,0,1,0
UCGIY_O-8vW4rfX98KlMkvRg,0,0,0,0,0,0,0,1
UC4uDjLTfKvcYlWSFvC4H54Q,0,0,0,0,0,0,0,0
UCn1XB-jvmd9fXMzhiA6IR0w,0,0,0,0,1,1,0,0
UCVNQwQeJzKT7Scx7ZtzIJ5g,0,0,0,0,1,0,0,1
UC_976xMxPgzIa290Hqtk-9g,0,0,0,0,0,0,0,1
UCda6cVHHXVEV5C_PG0CPUlQ,0,0,0,0,0,0,0,0
UCwnro7pVC3fDjVavLT_LAjQ,0,0,0,0,0,0,0,0
UCMWZEwH_zRJkG9wND-qLZAw,0,1,0,0,0,0,0,0
UCKsFZFfKOy33O6dut9FglzA,1,0,1,0,1,0,0,1
UCwXGRfx8xaKqvj0iXCuDd4Q,0,0,0,0,1,0,0,1
UC-lkYjunAyfultKGuRJz6HQ,0,0,0,0,0,0,0,1
UCU3JjZIPax0rTWYXAKF6sig,0,0,0,0,0,0,0,0
UCPDExPQ09Vc6_Gj_Ga6MwKw,0,0,0,0,1,0,1,0
UCuaFvcY4MhZY3U43mMt1dYQ,0,0,0,0,0,0,0,0
UC2y7kgcZtegJo9XZl3WuNIQ,0,0,0,0,1,0,0,1
UCkK0XNKXOvFkH66AS6jrCCg,0,0,0,0,0,0,0,0
UCou6pqxzTSYf8t-ISPmeQQw,0,1,0,0,1,0,1,1
UCn-wfy1PwOXzRY45PtbW4eg,0,0,0,0,0,0,0,0
UCwtnkRZcvL4bfopzJ-Von8Q,0,1,0,0,1,0,0,1
UCMRcDuLibFr60Omlj-eQDzg,0,0,0,0,0,0,0,0
UCuDTc9ztKJbsI6yleL3W2Vg,1,0,1,0,1,0,1,1
UCwmemCmHWh-yaSrwZFZ6Qjw,0,0,0,0,0,0,0,0
UCAvzrANDPiGRN36ZdQ888qQ,0,0,0,0,0,0,0,0
UCTwTF-woRHsXsmk4m798BkA,0,0,0,0,1,0,0,1
UC1AEadAUKi6Zt-G3PatrU-Q,0,0,0,0,1,0,1,1
UC8fRwFWeTgHBEa2pEHYUrbg,0,0,0,0,1,0,0,1
UCbZgDzTkBQMkPWYBFESJ3sQ,1,0,1,0,1,0,1,1
UCAaZoaGxnLLXHYv6ft0gc5g,0,0,0,0,1,0,0,0
UCINb0wqPz-A0dV9nARjJlOQ,0,0,0,0,1,0,0,1
UClkUrNgGC4BD6pWURJbM9MQ,0,0,0,0,1,0,0,0
UCNvzD7Z-g64bPXxGzaQaa4g,0,0,0,0,1,0,0,0
UCakQLdwrxuo0KhJ49Sq2csA,0,0,0,0,0,0,0,0
UCqLJF9SFT-CG2pEW0g1sORw,0,1,0,0,1,0,1,1
UC-GAhNmY6bkuuRPUSaRI_oQ,0,1,0,0,1,0,0,0
UCA0MDADBWmCFro3SXR5mlSg,0,0,0,0,1,0,1,1
UCsVvXTcetpFOtlyS-4zw3pw,0,0,0,0,0,0,0,0
UCm-l3rWLcfRTedhUDQjSBwQ,0,0,0,0,1,0,0,0
UCbDGvfJHf0r_WjS9voB8POA,0,1,0,0,1,0,1,0
UCH6vXjt-BA7QHl0KnfL-7RQ,0,0,0,0,1,0,0,0
UCKe6w0exI94U-RzqAyoY1VA,0,0,0,0,1,0,0,0
UCsKQLakuQKvr4LG4VLOpWDQ,0,0,0,0,0,0,0,0
UCcR4cyQyAF-guvk7Wm5Lbqg,0,1,0,0,0,0,1,1
UCAP02KoAr4SNo1GBDw9C_FQ,0,0,0,0,0,0,0,0
UCI8V0wOaigGdBpv5uk7DxxQ,1,1,1,1,1,0,0,1
UC5XyjtgkUGC2jt2q7XoRk5Q,0,0,0,0,0,0,0,0
UCBODyKF0JMbUd6D9Bklyzbw,0,0,0,0,0,0,0,0
UCOQ8spP7Ke9pHA9rs-I4hxw,0,0,0,0,0,0,0,0
UC0Ljt5hQIYEgInaSjtFhs7Q,0,0,0,0,1,0,0,1
UCCMfRxCMnIjOhkTezygDScQ,0,0,0,0,0,0,0,0
UCrXcatz6wlNHjuqgf-tglOA,0,0,0,0,0,0,0,0
UCJlXGKBoRbySxzIkxf3BU_A,0,0,0,0,0,0,0,0
UCjxq9YFOGXx_wPr5Z8jidEA,0,0,0,0,1,0,0,1
UCWI7puXzGTPuxsoW2HD3XxQ,0,0,0,0,0,0,0,0
UC8gKWMFvVenlVjgysNojYQg,0,0,0,0,1,0,0,0
UCdYlEm7h4mOc0H-7Mo8rB6w,0,0,0,0,1,0,0,1
UCFVWgnyVpfvjFOjVz-sSXMw,0,0,0,0,0,0,0,0
UCCyKsYaRi62axS-kasXW7wA,0,1,0,0,1,0,0,0
UClDb_Tvhc8244G3Y0kyUlTA,0,0,0,0,0,0,0,0
UC8PjUR3_ggDFFQ128cU2x6A,0,1,0,0,0,0,0,0
UC0Hm5Nghgh9Sc5BM0VXfZ-A,0,0,0,0,0,0,0,0
UCI-XUux6eSGm_6VMZBYgFNw,1,0,0,0,1,0,0,1
UCZCbaZhIpzXHvCx9Y1Nv0HQ,0,1,0,0,1,0,0,1
UC45TGakhd-QcI_Y3WLMz3-g,0,0,0,0,0,0,0,0
UCMFZzyhDNnkQUujdM59ZW8g,0,0,0,0,0,0,0,0
UCw1rV3Z6pKN3rSPklveRw2A,0,1,0,0,0,0,0,1
UC-gdyEpL6WLybaUGve93KUA,0,0,0,0,1,1,1,0
UCqvS0UZpSh8ydVQ7TxGNOJw,0,1,0,0,1,0,0,1
UCIyARGHwaphJNATI94FoSIw,0,0,0,0,0,0,0,0
UCFQt0hOP-1oGZxJs_0NmXpQ,0,1,0,0,1,0,1,1
UCoqIcOFK76PnhNRLMb7lNDg,0,0,0,0,0,0,0,0
UCo83OnV1SoOZHPQd1UNMx-g,0,1,0,0,0,0,0,1
UCsooa4yRKGN_zEE8iknghZA,0,0,0,0,1,0,0,1
UCeD7eNPgA7n01Ph_Cv3AcXA,0,0,0,0,0,0,0,0
UCkEsUFJsrQ6MgA4gP6_JEAw,1,0,0,1,0,0,0,1
UCvQUZE2Di9STdyt4WV0DTJg,0,0,0,0,0,0,0,0
UC4_FwMP_wlOYb8yvZkdKJeA,1,1,0,0,1,0,0,1
UCdk5Rgx0GXlpSqKrWuf-TKA,0,1,0,0,1,0,0,0
UCo-e1gJbOCfZ37R8Mw6VcyQ,0,0,0,0,0,0,0,0
UCi8e0iOVk1fEOogdfu4YgfA,1,1,1,0,1,0,1,1
UCjah4obLivaa4UZ96hhJNMw,0,1,0,0,1,0,0,1
UCpCWa9f5_J3PqY-_Lg-_QfQ,0,0,0,0,1,0,0,1
UC0YvTCy1I4_a-3pn47_5DBA,0,1,0,0,1,0,0,0
UCXRE36Dr9eg5l5kKu0yGZ-g,0,0,1,1,0,0,0,0
UCYv8VkKxvmfYIRbowQALwCw,0,1,1,0,1,1,1,1
UC0AeIM8xtiFAgT_N1inUQxQ,0,0,0,0,0,1,0,1
UCgyteDB8YaQgi3K90Rgm_Ww,0,0,0,0,1,0,0,0
UC1aLdPsHl5R81q4Ga0YBkBw,0,0,0,0,0,0,0,0
UC1fIyfhQtm1fSljyKBf2uKA,0,0,0,0,0,0,0,0
UCN5Zf3Zyb9Bp9NeqtNwnc5w,0,1,0,0,1,0,0,0
UCHMKHitDB2Ij49zzQXKvAxw,0,0,0,0,0,0,0,0
UC8mWYDxedkJmUReAiA3ze9w,0,0,0,0,0,0,0,1
UCTh_hIQ03IT0hP_qjYyNJdw,0,0,0,0,1,0,0,0
UCjmJDM5pRKbUlVIzDYYWb6g,0,1,0,0,0,0,0,1
UCUtZTNrZ8CUt_db3q5sEhjA,0,0,0,0,1,0,1,1
UC_5niPa-d35gg88HaS7RrIw,0,0,0,0,1,0,0,1
UCRiKSjrkkMrlTZqKmBVW9OA,0,0,0,0,0,0,0,0
UCjA7GKp_yxbtw896DCpLHmQ,0,1,0,0,1,0,0,1
UCDuQjv59yryTAAdC3JXgDrA,0,0,0,0,1,0,0,1
UCJ9JIVGOL07BqXp0CoG83fw,0,0,0,0,0,0,0,0
UCSoC2lr_xQ3yq3CCbKAgpOQ,0,0,0,0,0,0,0,1
UCGcltwAa9xthAVTMF2ZrRYg,0,0,0,0,1,0,0,1
UCwpcLKMwiuPg4aqImpGk6Ew,0,0,0,0,0,0,0,0
UCdAr9AvTbNm6M7nGNsornBA,0,1,0,0,1,0,0,1
UClficNojymRrJdbdjsE7jgQ,0,0,0,0,0,0,0,1
UCBnZ16ahKA2DZ_T5W0FPUXg,0,0,0,0,1,0,0,1
UCiPGefkyWYC8t5Idvcq7bdg,0,0,0,0,0,0,0,0
UC-Gm4EN7nNNR3k67J8ywF4g,0,0,0,0,1,0,0,1
UCMsgXPD3wzzt8RxHJmXH7hQ,0,0,0,0,1,0,0,1
UCfqAKZyFOKG2kd1I-YzkynQ,0,1,0,0,1,0,0,1
UCsCe7SNQckiRJ6y563SIupg,0,1,0,0,1,0,0,1
UCuSNBoD1Dy33mpkF1WYPmRA,0,0,0,0,0,0,0,0
UC56cowXhoqRWHeqfSJkIQaA,1,0,1,0,1,0,0,0
UCGMHLRrGvKWWdk6EAZOqVfQ,1,1,1,0,1,0,1,0
UCHia02_AKmqXtxsDxrYOxow,0,0,0,0,1,0,0,0
UCE5910LWuMTGWmIJ_WE3KvA,0,0,0,0,1,0,0,1
UC7e1XWjOlYy8XlNMeVxeKNg,0,0,0,0,1,0,0,1
UCMByxhBLmPtvBMVpMSQrvNQ,0,0,0,0,0,0,0,0
UCyu8StPfZWapR6rfW_JgqcA,0,0,0,0,1,0,0,1
UC12_HhJo54uqZ5m6xCjoOFA,0,0,0,0,1,0,0,1
UCpgG0rtKd-CTzStI9w2ibkg,0,0,0,0,0,0,0,0
UCoCSjc-4JCGqOxuhuw-xjSw,0,1,0,0,1,0,0,1
UCgFXm4TI8htWmCyJ6cVPG_A,0,0,0,0,0,0,0,1
UCZ2yQXzw1y5fu7mHpYUlLLQ,0,1,0,0,1,0,1,1
UCFeUyPY6W8qX8w2o6oSiRmw,1,1,0,1,1,0,0,1
UCz_A8O-BVFecmxQjcpMMfKA,0,0,0,0,0,0,0,0
UCvfsNkKG2I8xM3ly2Fe8Z_Q,0,0,0,0,0,0,0,0
UCF0OLOFwYYu5SkDNunKMbqw,0,1,0,0,1,0,1,1
UCu7IDy0y-ZA0qaG51wrQY6w,0,1,0,0,1,0,0,1
UCy7whoHQXzhYxp9AQmrPFVw,0,0,0,0,1,0,0,0
UCHo2Gib_Jx09ym3xDKjyGhg,0,1,0,0,1,0,0,1
UCzoFjzSkbrDD1GHsz2YNLig,0,1,1,0,1,0,0,1
UCK_X-Yz57wkNo4xSucD7-rg,1,0,1,0,1,0,0,1
UC9trsD1jCTXXtN3xIOIU8gg,0,0,0,0,1,0,0,1
UCeUYwh-WiIoG47ECQvQxKsA,0,0,0,0,1,0,1,0
UCyCuOpIFfSTAllF3BNMX2bg,0,0,0,0,1,0,0,1
UCYEHNnr_6XP-NY738hwXL1g,0,0,0,0,0,0,0,0
UCiBigY9XM-HaOxUc269ympg,0,0,0,0,0,0,0,1
UCRv76wLBC73jiP7LX4C3l8Q,0,0,0,0,0,0,0,0
UCXptamDYEVcU4JCio30hYTw,1,0,0,0,1,0,0,0
UCkvWlsTswUtMVrEzlu-1sVg,0,0,0,0,1,0,0,1
UCNfXFIEOkq7_aZVF3hK9ulw,0,1,0,0,0,0,0,1
UCx1xhxQyzR4TT6PmXO0khbQ,0,1,0,0,1,0,1,1
UCUU9uHMsysDemU44kOZZNMA,1,1,1,1,1,1,1,1
UC3q2YwNGj7ktNf70PqMW72g,0,1,0,0,1,0,1,1
UCMBWnFrNI9CGeUwfxlm82Nw,0,0,0,0,0,0,0,0
UC4NALVCmcmL5ntpV0thoH6w,0,1,0,0,1,0,1,1
UCsPF3cApzCohxPp5oKdoWSQ,0,0,0,0,0,0,0,1
UChGJGhZ9SOOHvBB0Y4DOO_w,0,0,0,0,0,0,0,0
UCc2_j9TZ1UU9nCedF3UsuFQ,1,0,1,1,1,1,1,1
UCP-Ng5SXUEt0VE-TXqRdL6g,0,1,0,0,1,0,0,1
UCrRLaQ1hup5VmVINQkgKE7Q,0,0,0,0,1,0,0,1
UCIiF_UwiE7CElccxGzmLTvA,0,0,0,0,0,0,0,0
UCKqx9r4mrFglauNBJc1L_eg,0,1,0,0,1,0,0,0
UCqqJNXpaDa5rtu8QtHRQGYw,0,0,0,0,0,0,0,0
UC7Gf2tZ8coTX2ckTPgn62iQ,0,0,1,0,0,0,0,1
UCk8GzjMOrta8yxDcKfylJYw,0,1,0,0,1,0,1,1
UCHFA6Nt11kE_8OWIya0SQDQ,0,1,0,0,1,0,0,1
UCcKJJuOe2tOqgrKw0Gks-sw,0,1,0,0,1,0,1,1
UC5K8SEF_7GQBedXIjtXLCRg,0,1,0,0,1,0,0,1
UC2RNg_QGZriSGQo6enPLpeQ,0,1,0,0,1,0,0,1
UCQ00zWTLrgRQJUb8MHQg21A,0,1,0,0,1,0,0,1
UCPDlh3WjaEF6VB3sjDk76qg,0,0,0,0,0,0,0,0
UCEt4vnW3zxpfI8CfHmO_1yA,0,0,0,0,0,0,0,0
UC1Ej1HysXFszU2d1rMhzk1w,1,0,1,0,0,0,0,1
UCSLIJTwAKRhlSlIvhbpHPuQ,0,0,0,0,1,0,0,0
UCKqH_9mk1waLgBiL2vT5b9g,0,0,0,0,0,0,0,1
UC9Hes1NEFW4idc1zbUM7xnQ,0,0,0,0,1,0,0,0
UC6hxJ5YIi0e7tvh-gsKaCdQ,0,0,0,0,0,0,0,0
UCA8qiM3rL21iWPD2LhbSZHw,0,0,0,0,0,0,0,0
UC9sbzqlvD9eAkj-tlFDDITg,0,1,0,0,0,0,0,0
UCc7r84eB_n8f3Ke4GrYua1g,0,0,0,0,1,0,0,1
UCoUddkWzlmw1cExDMphmFkg,0,1,0,1,1,0,0,1
UCrS-5vch6RBMR91PIY7lDGQ,1,0,0,1,1,0,0,1
UCmk-oIJGnIoq0I7Y-EPaIfg,1,0,0,0,1,0,1,1
UCmxue_fYStkGRzDtUg-Ccvg,0,0,0,0,0,0,0,0
UCLT1IUNC059GjzETTferwig,0,1,0,0,1,0,0,0
UCLHVgDFeEUIDGJ2RLovOaBQ,0,1,0,0,1,0,0,1
UCeC-6MhIyKxI71kor8M3fXw,0,0,0,0,0,0,0,0
UC5BkHUYfYkywZ5wRD1b9fVg,0,0,0,0,0,0,0,0
UCXa0bh_GSTJ82lkJip37iQg,0,0,0,0,0,0,0,0
UCE03Bd07snXvxdeiWqdlEQQ,0,0,0,0,1,0,1,0
UCuEJEsH8iYGj4SA6xoEtHVQ,0,0,0,0,0,0,0,0
UC-ikVvfoDcZuqOjTqFDpVqw,0,0,0,0,0,0,0,0
UC3m_wXRBYTAO7OzdEmlUuKA,0,0,0,0,1,0,0,0
UCSYiFp6kT3EXapeXKmyV2gw,0,0,0,0,0,0,0,0
UCQJQR-pkLByaGK1UPaAQDQQ,0,1,0,0,0,0,0,0
UCt7DNeJlu-OxhTY6Dwj2syg,0,1,0,0,1,0,0,1
UCxVvKbJveH8CK9ykW5d60nQ,0,0,0,0,1,0,0,0
UCR-TZXPuWmsUUxVxzvj4OkA,0,1,1,1,1,1,1,1
UCPZ3zWPZXFNdLWJqrFBKASw,0,0,0,0,0,0,0,0
UCnI4TsgvyZEjO79JuTXLJfQ,0,0,0,0,1,0,1,0
UCQn6unu-UHHzwJyFuEiagmQ,0,0,0,0,0,0,0,0
UC9yPh-cxxOKyKvVFugf7SRA,0,1,0,0,0,0,0,1
UCvh05ASii1x4NfAqwU02YMQ,0,0,0,0,0,0,0,0
UC1ySKOvdSfXOkryrMb9IF0A,0,0,0,0,0,0,0,0
UCVncRKgASGxvSrIh_AEYvdg,0,0,1,1,1,0,0,0
UCw-2NU7l92brviDK_UMqW5A,0,0,0,0,0,0,0,0
UC-syhtUey5pya0AEyrmcoQw,0,0,0,0,0,0,0,0
UCcZNkmgoyUhb56QjFnPbrIQ,1,0,0,0,1,0,0,1
UChKziCU8hnJQain93xzyojA,0,0,0,0,1,0,0,0
UCHOF0tkd2_qRZkaOI7hpOAA,0,0,0,0,0,0,0,0
UCwcxNXRK0Sj4zmsKMP15B5w,0,1,0,0,1,1,0,1
UCoP3m0FOpBZ5Yx4TpdeY5fg,0,1,0,0,1,0,0,1
UC-zGImpL0VCQSKLrLZFYGsA,0,0,0,0,0,0,0,0
UC5NAlsfxn3RSgFFRze0x_ig,0,0,0,0,0,0,0,0
UCBzZ9lJmcsPRbiyHPbLYvOA,0,0,0,0,0,0,0,0
UCU3V6u-NFi4TshSXiaWxQbA,0,0,0,0,0,0,0,0
UCYCQm857IXmqNsONoSrKLOw,0,0,0,0,0,0,0,0
UCdDTRO9-8mEGdgCRZU500WQ,0,0,0,0,0,0,0,0
UCxHqHiV94gKEmv_InD60qlg,0,1,0,0,1,0,0,1
UCKCSebYbyl1k7eHDDf1tGkw,0,0,0,0,0,0,0,0
UCzm07EKTVowbuWPwLeiwToA,0,0,0,0,0,0,0,0
UCmwAXN38dSdsdFuRQJVIDrg,0,0,0,0,0,0,0,0
UCPfV2PpR9XPGwe9BQP4YD9w,0,0,0,0,0,0,0,0
UCsv7Kw6Ad1vo_sgw-rsBLXA,0,0,0,0,0,0,0,0
UCItDeiU2DFDYIgmr2AcqYyA,0,1,0,0,0,0,0,0
UCk77vjDbeuNfBcZAfuHUM-Q,0,0,0,0,0,0,0,0
UCPB7jlN7teyj4j9dM3uaNcQ,0,1,0,0,1,0,0,1
UCgUCaWZiV_etFen9pQJ4XZw,0,0,0,0,0,0,0,0
UCFc1UXAnOvihJb3zv1By-Yw,1,0,1,0,1,0,0,1
UCWOK7I_NFR9H3B7_VzDZ4EQ,0,0,0,0,0,0,0,0
UCnbXTLf759w7i8BztCKzMAA,0,1,0,0,1,0,0,1
UCTJVG4j7embib_4K4vm-iIw,0,1,0,0,1,0,0,0
UCcYgjf0-Qu6EWMNEPoPdy2g,0,0,0,0,0,0,0,0
UCF5l3VWzJDgTuanNv7M68dg,0,0,0,0,0,0,0,0
UC9ibzfsytzImgYZBChFJzOA,0,0,0,0,0,0,0,0
UCILpTOgb9WA56kXGPN7FpNg,0,0,0,0,0,0,0,0
UCgas44PVtblNwaYZMmePjFw,0,0,0,0,0,0,0,0
UCtyJBLT_DOswO3YXmRmoTtw,0,0,0,0,0,0,0,0
UCrSvhrtUgpZT3EU0x1Zoy-w,0,0,0,0,1,0,0,1
UCw51YmYfYkCkisl9kAVAtUA,0,0,0,0,0,0,0,0
UCezigxVj-1apEoLHk4ah-2Q,0,0,0,0,0,0,0,1
UC-8clJQZkrg3qdqsvzcxbzA,0,1,0,0,0,0,0,0
UCw2PrdOWEfcxIlT1bzj0YXg,0,0,0,0,1,0,0,0
UCby5ZKyxiSW3dz_Kg5VDU9w,1,1,0,0,1,0,0,1
UCJ-4K4911cLZMNEZLnxnpIg,0,0,0,0,0,0,0,0
UC_JkjxMkPAK-WZ2tA9W8q-A,0,0,0,0,1,0,0,1
UCzRhGhDTdA_RR8NtG6LzneQ,0,0,0,0,0,0,0,0
UCcujVfXqz3KCVdOX-W919HA,0,0,0,0,0,0,0,0
UCm6CzMdSu3zaGfjs9yTcUsQ,0,0,0,0,0,0,0,0
UCMnR3mQfJ70trn7b9F-qnxw,0,0,0,0,1,0,0,1
UC48vISqkp1iuUvq6bN7Ar8w,1,1,0,0,1,0,1,0
UC-XHp8A93LmCnsQSXFxGyUw,0,0,0,0,0,1,0,0
UCExlOjz0OJhOD_eO1DOId6Q,0,0,0,0,1,0,0,0
UC3FVzXjav0fvOetTn8-bkzA,0,0,0,0,0,0,0,0
UCWavEnPs5snAaSnH6FHndaw,0,0,0,0,0,0,1,0
UC4g8s1ssMZVISgVf7BnnQeQ,0,0,0,0,1,0,0,0
UCApwcZw_xawOTzQFoYVOJmw,0,0,0,0,0,0,0,0
UCDqh1ZbMxh1yraCq5QfH65g,0,1,0,0,1,0,0,1
UC50iz5aJP46T5n7gGgGMBTQ,0,0,0,0,1,0,0,0
UCZlXWfndRF4PWcemogYeu2g,1,1,1,0,0,0,0,0
UCni_-0jzMkB9zHU8YUqvNnA,0,0,0,0,1,0,0,0
UCzeB_0FNcPIyUSjL_TL5lEw,0,1,0,0,1,0,1,1
UCiuqfsMPDQaSaGgw1o96XrQ,0,0,0,0,0,0,0,0
UCxgyw_mFxfgeQ6kZfce-NHQ,0,0,0,0,1,0,0,0
UC6RPPKcZEL_WIfkovuOBZNw,0,1,0,0,0,0,0,0
UCTZnWCGgt1dLylZxMeVo4CA,0,1,0,0,1,1,0,1
UCHOYIw-v89B96xskc2kkapg,0,0,0,0,0,0,0,0
UClsDI_I7vsPFNH4a1q1Ls6Q,1,0,0,0,1,0,0,0
UC_XCPoXm0LTe5idOovptxZg,0,0,0,0,0,0,0,0
UCdaVCV94GjPRZ1oTBjZNhiQ,0,0,0,0,0,0,0,0
UCNC0gjftkU6yfNO7JnAXnNw,0,0,0,1,0,0,1,0
UCqSCmrKSbLZ3TN2KVvw0KPQ,0,0,0,0,1,0,1,1
UCZwEC_Qnv7stSlQilIqhSdw,0,0,0,0,1,0,0,0
UCdv0wBAnP-bKb7RaGfNSkgg,0,1,1,0,0,0,0,0
UCynXlSwTDlgZ7PZAHH-BIWw,0,0,0,0,0,0,0,0
UCu734S2oW5iriwq7XHex_yQ,0,0,0,0,1,0,0,0
UCkRH0fc91IM-uVc2AAXNfBg,0,0,0,0,0,0,0,0
UCFU9lf8r0uPjljJCJ8jTfqw,0,0,0,0,0,0,0,0
UCXV5iJSJRIShEB4_y5t5ABg,0,0,0,0,1,0,0,0
UCbNFUTOKtO3UOrRlVFXDzeg,0,0,0,0,0,0,0,0
UCXCOJBk_loOVSjANGt9YNnQ,1,0,0,0,1,1,0,0
UCKjjmMqvuxNYw8c6knceexQ,0,0,0,0,1,0,0,1
UCkDbxGSyvOgR8UJj3m0GC6Q,1,0,1,0,1,0,1,0
UC5SiPh4uWz88zDFbBN-Tdiw,0,0,0,0,0,0,0,0
UCyhSNdYfvlqa5Jof41H6Jng,0,0,0,0,0,0,0,0
UCZvEw3WF-ovUhLFtH1SKzMA,0,0,0,0,0,0,0,1
UCxCnNU678-ANZPJLClL-X-g,0,1,0,0,0,0,0,0
UCIIGTHiXNSpr_oQZp9N-TmQ,0,0,0,0,1,0,0,0
UCg8GEoh4lHGCGasdXxtJlFg,0,0,0,0,0,0,0,0
UCEnEbZnMufWAXGEo68KqvzQ,0,0,0,0,1,0,0,0
UCAkqtSoNBNbOrNTG4LlhotA,0,0,0,0,0,0,0,0
UCAHtekbg5FCHdquuMiqv3Yg,0,0,0,0,0,0,0,0
UChFt_sbmy5DX15GPeqWr73w,0,0,0,0,0,0,0,0
UCrfnhIalN_slWiUEg5r588Q,0,1,0,0,1,0,0,0
UCYx5Fnqws-zRmuBQMy5kUeA,0,0,0,0,0,0,0,0
UCNZQ8bDdOl3DQ5B9GSw7sNw,0,0,0,0,0,0,0,0
UCd9g58qzd3TS_5WB4zKqNsA,0,1,0,0,1,0,0,0
UCzv1xDJ3Q2PNY68xL0lSGog,1,1,1,0,1,0,0,1
UCWyOeMB7Vp4ii1qXkyoyNGQ,0,1,0,0,1,0,0,1
UCgw36rLk7ylKelo-aisAEAg,0,0,0,0,0,0,0,0
UCP36itunkuNWoGSbGyd3kHw,0,0,0,0,0,0,0,0
UCli0urGBIeBxlMJuwFnbmuQ,0,0,0,0,0,0,0,1
UCPkiOcDtHWZtlTilespn2xA,0,0,0,0,1,0,0,0
UCFuPSIZ-o3FeI7lG62LLmSg,0,0,0,0,1,0,0,1
UCVmiN4HMG9sc4Em5F0jGR_A,0,1,0,0,1,0,0,1
UCsmHqTkPx9modsqcL5J9hUg,0,0,0,0,0,0,0,0
UCbr68WEJ3e1W5NHIPL5RR3g,0,0,0,0,0,0,0,0
UCxB_KaKhlYG_o5wEKJYNr_A,0,0,0,0,0,0,0,0
UCGmwjdVPreAXW0NfBqSSYfw,0,1,0,0,1,0,0,1
UCreSJmU8utwY-kF_TRAwnWQ,0,0,0,0,0,0,0,0
UCDGBHWphU5n9ISc9QfGb_Ug,0,0,0,0,0,0,0,0
UCFbGqIaWIqk82dpu0uEYX-Q,0,0,0,0,0,0,0,0
UCqjvNcLjhQH9ylSzmJBzhJA,0,0,0,0,0,0,0,0
UC_cMe_KH6PbKh51OmRVVyqA,0,0,0,0,0,0,0,0
UCjHxmKEZVuf75jFc9oRVk_w,0,1,0,0,1,0,0,0
UC6I6WaljvnH6hsfErd-Ebew,0,0,0,0,0,0,0,0
UCz0nD84-6FTFWGS9MAT0oQQ,0,0,0,0,0,0,0,0
UCUeUUFK2xI8zXT_ureim3Bw,1,0,1,0,0,0,0,0
UCdBRRDF8PiUeOka5Q7V2nHA,0,0,0,0,0,0,0,0
UC0fPuRU5fsyhBsXM3lhPFZg,0,1,0,0,1,0,0,0
UCcv6qkluKQRBmi7PZrh9img,0,0,0,0,1,0,0,0
UCWbMcuiNT18DDyNn-iX8Ing,0,0,0,0,0,0,0,0
UCXYni4BNbPv-2xXEX7KjjDw,0,0,0,0,0,0,0,0
UCsnA-YsBmr9niszHPuemCnw,0,0,0,0,0,0,0,0
UC2jI1MhYqtdFpvOfrwqj-Bg,0,0,0,0,0,0,0,0
UC7bhRntiK4KyYpx6Jw22rgA,0,0,0,0,0,0,0,0
UCRtYTqmiX6Ul9wIwGw3y3OA,0,0,0,0,0,0,0,0
UCJdcwVhLwkVPkrildpdXixQ,0,0,0,0,1,0,0,1
UC-x0BxAq_STsdGSg_kbrLvA,0,0,0,0,1,0,1,0
UCl8hrY7iGNpiigKR2tdTQ8w,0,0,0,0,0,0,0,0
UCMtL4buTHs1W0uLEmByf8wQ,0,0,0,0,0,0,0,0
UCnZrjucYjaXKUx8rD3qOBlw,0,1,0,0,1,0,0,1
UCgtw6ik2gXRPiROCqNPve3A,0,0,0,0,0,0,0,0
UCc2a-EQcBbsHgSMTsr983gA,1,1,0,0,1,0,0,1
UCiJRKD3r4M23mHUhM6ro8iQ,0,0,0,0,0,0,0,1
UCdH_gd_-X8DAZOYyWrssZBQ,0,0,0,0,1,0,0,1
UC_6dOZDKErrAtKMHBCGOEhg,0,0,0,0,0,0,0,0
UCymxonPm7jMKsbqcydJD0rA,0,1,0,0,0,0,0,0
UCwTee6jGG-AhD9s57U6G9Ug,0,0,0,0,0,0,0,0
UCkkkiLEY93il3NA_ECZHAag,1,0,0,0,0,0,0,0
UCimgFtU9Qz5Pr8rQn90f88g,0,0,0,0,0,0,0,0
UCMNmwqCtCSpftrbvR3KkHDA,0,0,0,0,0,0,0,0
UCn9EI5qeV8nwS3I9TEMCRLg,0,0,0,0,0,0,0,0
UCLq_SYAsBOAHmWE6CoGzaTw,0,1,0,0,1,0,0,1
UCgLwTbHdxcX6gfgANwiQzfA,0,0,0,0,0,0,0,0
UC-9Kmk6Nt_xF-lRcMhI8hKQ,0,0,0,0,0,0,0,0
UCgEVRe7PEZQUEyuuxMwdVmQ,1,0,0,0,0,0,0,0
UC7hxro6moIkO494gY7ch3kg,1,0,1,0,1,0,0,1
UCCpPM66Mh7dAsOM377v46xw,0,0,0,0,1,0,0,0
UCQXg18hGq8ODC_qyVygaHEA,0,0,0,0,0,0,0,0
UCYNaT3jLeU7rZW_GAix7YTw,0,0,0,0,1,0,0,0
UCUZMdWGFP4iO4ZG3ilo0VpA,0,0,0,0,0,0,0,0
UC1o6smXb21IK3HV0yUcOFNg,0,1,0,0,0,0,0,0
UC3JHCzY6z7WFAXVSVg-8l2w,0,0,0,0,1,0,0,0
UCpB959t8iPrxQWj7G6n0ctQ,0,1,0,0,1,0,0,1
UCq3HG_FLEzMh4XMxikjDx0Q,0,1,0,0,1,0,0,0
UCHBWN1CtqAgnKgN6xIJBFPg,0,0,0,1,0,1,0,1
UCW4_vrAdIq658NTwQTTA2Fw,0,0,0,0,1,0,0,0
UCkHlHMr_D5hetYy6btuY-tA,0,0,0,0,0,0,0,0
UCjwVaGmrDZsVq6cdf6O8t-A,0,0,0,0,0,0,0,0
UCPDis9pjXuqyI7RYLJ-TTSA,0,1,0,0,0,0,0,0
UCSYBs67KQjq29fJ0My51_AA,0,0,0,0,1,0,0,0
UChRExdrWaXxxveTOb1_E_mQ,0,0,0,0,0,0,0,0
UCHmhLe3w3pQpUmonqkthE3g,0,0,0,0,0,0,0,0
UCRIu9Z1XQ4fsMzfb5vkVCcQ,0,1,0,0,1,0,0,1
UCqeY-StzmmHGYNRkQ_r49Yg,0,0,0,0,0,0,0,0
UCOD61z-vlytlhJDKje5zNPw,0,0,0,0,0,0,0,0
UCaH6XH3AZi9g3rcyKOFtjbw,0,0,0,0,0,0,0,0
UCOrGpfzWIn4WWJgjgyrq5cQ,0,0,0,0,0,0,0,0
UChboFzTgHPP9zkk2ID9AeZA,0,0,0,0,0,0,0,0
UCqAS5VXjDByC9UN6NTDrPHQ,0,1,0,0,1,0,1,0
UCPOIFuct7fjWKkiDRTNJqrg,0,1,0,0,1,0,1,0
UChF-9ZaZxXwqM5qFXX9wgLw,0,0,0,0,0,0,0,0
UCshfkdpahG1U4vKIDjE4D0Q,0,0,0,0,0,0,0,0
UC8LcA3grYZg0GNpxlXh8owg,1,0,0,0,1,0,0,0
UCNaNmNp6-3yMF2XyGYoga5w,0,0,0,1,1,0,0,0
UCpZLNDzplh9FDioOX-jnvKA,0,0,0,0,0,0,0,0
UC7vv4cRfzZ-46navm8rvelg,0,0,0,0,0,0,0,0
UCYT0OOzMUKkCSXeP7CyAQrQ,0,0,0,0,0,0,0,0
UC-pE29OUR43BqqBxIeyo_GA,0,0,0,0,1,0,0,1
UCvsMJuKN5n6Li0pp6oHrFwQ,0,0,0,0,0,0,0,0
UCN3OXmlai-gAaaicGXg9tCg,0,0,0,0,0,0,0,0
UCqPoizY22eEAmsvmFVUtb9w,0,1,0,0,1,0,0,0
UCbwSxv4kkURMAjsX01zFTbQ,0,0,0,0,1,0,0,0
UC_rHrqqP6vhqLhGjiGyOs0w,0,0,0,0,0,0,0,0
UCcvtWqv_RPQGZKHE75rtmBw,0,0,0,0,0,0,0,0
UCNEKMkg_DG8eAyR1BNWsSvw,1,1,1,0,1,0,1,1
UC8u9nn-OlcBOYPL08RzAlcw,0,0,0,0,0,0,0,0
UCggrHzul4f4wmXIr2VpJiFA,0,0,0,0,0,0,0,0
UCpSyYrKg2EolrrZ1XOJrPLw,0,0,0,0,1,0,0,0
UC1ft-ECMa6oHFVA9DXX98eQ,0,0,0,0,0,1,0,0
UCNyO7ml_HVGhJWFQrxWtE_Q,0,0,0,0,0,0,0,0
UCCtG3JJ62yRsAvRS5cT0aMQ,0,1,0,0,1,0,0,0
UC3339WgBDKIcxTfywuSmG8w,0,1,0,0,1,0,0,1
UCrXT6rzx75YEJpHCZv_Hhhw,0,0,0,0,0,0,0,0
UCbl4pUH7hdGRiq0lQVTwHPQ,0,0,0,0,0,0,0,0
UCpPcXAGIp_pWURZZXTtTrzQ,0,1,0,0,1,0,0,0
UCZxd1x9QJughovwPIUso7qQ,0,0,0,0,0,1,0,0
UCH1cm14IzXN9IoWTcDhQRYw,1,1,0,0,0,0,1,0
UCyGd3cN0zA8VLLqYV-QyIiQ,0,0,0,0,0,0,0,0
UCUKMpHTtAG8bJY7bMSatNJg,0,0,0,0,0,0,0,0
UCFFUY0PCOH3CieBjbZd5suw,1,1,0,0,1,0,0,1
UCSXIjW3-sHwsiLLt2G8hEnw,0,0,0,0,1,0,0,1
UCi0q0edqBVUrWV33p7oE2VQ,0,0,0,0,0,0,0,0
UCC0-My2lNKhaHTa2tHwlabw,0,0,0,0,0,0,0,0
UC8SZEDw9KOK_-wnki2nrj3A,0,0,0,0,0,0,0,0
UCiwlzp0GvOuvM_zH7myirOQ,0,1,0,0,1,0,0,0
UCy4yUVOTiEpS9H94m-Qej2Q,0,0,0,0,0,0,0,0
UCP0XktX1FmYL--LLm1W3FSA,0,0,0,0,0,0,0,0
UCsPA-hLmF_kXPHP-YjGWeKw,0,1,0,0,1,0,0,1
UC9tztlONSXmfzY3QAQ82QFQ,0,0,0,0,0,0,0,0
UCWgaZEAILUROPpbBTHfd7oQ,0,0,0,0,1,0,0,0
UCU8AzcteogFlkllpmqm7yuw,0,0,0,0,0,0,0,0
UC1OntG4gnEN6OlQndUdsR0w,0,0,0,0,0,0,0,0
UCPDJ4OCfCe374_P1gfYKedA,0,0,0,0,0,0,0,0
UC17IvepCKuw7gkSTHSPP_Ww,0,0,0,0,0,0,0,0
UCwCVy302o8QfMAUchvB2t5A,0,0,0,0,0,0,0,0
UCj9aFd9JVA70udVnum-MKWQ,1,0,1,0,0,0,0,1
UCBgO8Z95Kx306kU5R6RFA5Q,0,0,0,0,0,0,0,0
UCXa9OdFk95q_MiS8Yu2Cvzg,0,0,0,0,0,0,0,0
UCndI_OHzAW5o8HxM4vq0rtg,0,0,0,0,0,0,0,0
UCNCruS9eBYPJt9p955J5tzg,1,0,0,0,1,0,0,0
UC-TQcBxiQrZcr7fPFIzXmog,0,1,0,0,0,0,0,0
UC_vLNW0-OMojPEg4aO74bbg,0,0,0,0,0,0,0,0
UCZcz_zqcL-Zla6oifipbNug,0,1,0,0,1,0,0,0
UCIhRlSaMdABFJO3QM16mcSA,0,0,0,0,0,0,0,0
UCzPQreht47Pu8SI2Gp1D-dA,0,0,0,0,1,0,1,1
UCay_OLhWtf9iklq8zg_or0g,0,1,0,0,1,0,0,1
UCSedogQCU-k76_UNu8WpNDg,0,1,0,1,1,0,0,1
UCvWYeLsotvHG_k6SgcGTPvw,0,0,0,0,0,0,0,0
UC2Fv5bsYzD36xxv9JrAuPzg,0,1,0,0,1,0,0,1
UCUImlwIk9-88oX_3W4csqug,0,0,0,0,0,0,0,0
UCAn_oF3Mv31X1_iAKenIBCA,0,1,0,0,1,0,0,1
UC0z4P1lnHGikBW1z-edBk8A,0,1,0,0,1,0,0,1
UCvAlmquinLlGfcuLJcLNWAg,0,0,0,0,1,0,0,0
UC3zhCcqhdyyy6vyzwoWZJ7Q,0,1,0,0,0,0,0,0
UCrxRPHW6bkFNfxrxsEgBQjA,0,0,0,0,0,0,0,0
UCKUtS2jNgfdEBRwWK1sz4-Q,0,0,0,0,1,0,0,0
UC7MczB0UfR5SUQibfGmL0cg,1,1,0,0,1,0,0,0
UCHP_QW1gylTTNCs3iLbgY3Q,0,0,0,0,0,0,0,0
UCRUMmF563C8os4JNT_OGdJg,0,0,0,0,1,0,0,0
UCeR-Gl1vDj-nYjaUvfGykDQ,0,0,0,0,0,0,0,0
UCk8Kccr5vckZVyJ2KmR0sIw,0,0,0,0,0,0,0,0
UCnGeLNkT4PdWM0RoNwm2W8g,0,0,0,0,0,0,0,1
UC-ddJ1wpFzP8SmaqqqNH_DA,0,0,1,0,0,0,0,0
UC1ezoVTHnyxR1e5QYqdY7Lg,0,0,0,0,1,0,0,1
UCrAjlDXb6HdHoo27lsKbmBA,1,0,1,0,0,0,0,0
UC9PZT9f2YJRmtQL9455WH9A,1,1,1,0,1,0,0,0
UCSQ8T6df08Ukc8wKvbxWfww,0,0,0,0,0,0,0,0
UCavAXp3fx_l7MuJm6p5HuXw,0,0,0,0,1,0,0,0
UCXGrOG7PE1Xsjw4XZe43nvg,0,0,0,0,0,0,0,0
UCidCOTG_pjHVQPck5S1Bq-w,0,1,0,0,0,0,0,1
UCQ1Z0PHeTC4pLROheEV1XkA,1,1,0,0,1,0,0,1
UCd4oxgLE6PGowmAGV3bCL1Q,0,0,0,0,0,0,0,0
UC00jthxDTkwNIaj46XAEddw,0,0,0,0,0,0,0,0
UCyME1O72aVk8HMFMGRtjezg,0,1,0,0,1,0,0,1
UCXfw97gAusvqdFw8p_8msAA,0,0,0,0,0,0,0,0
UCq3n3P_1RPOkuDqZDhImmjg,0,0,0,0,0,0,0,0
UC5jMLapp2Z1OL-dNqM855KQ,0,0,0,0,0,0,0,0
UCmRLimi2Vt7jsCrwjEuSE9A,0,0,0,0,0,0,0,0
UCJSS7iLPehCuSNCulTlKMVg,0,1,0,0,0,0,0,1
UC7UdKZ9ujF1sFlP93dfjMgA,0,0,0,0,0,0,0,0
UCAXkByV7ukrWp-8vR3ReLEA,0,0,0,0,0,0,0,1
UCm0nSjfICjm9XkjhyRkripA,0,0,0,0,0,0,0,0
UCTz7hPt54-mdAZWLT7uAIMw,0,0,0,0,1,0,1,1
UCJtjTo6iLH3aBn7DzlHE_rA,0,1,0,0,1,0,0,1
UCc9hSrWl38iVzRmdFhcmOjg,0,0,0,0,0,0,0,0
UCgwp--gjWuzllpyzyWSo5Rg,0,0,0,0,0,0,0,0
UCocjbnMY99bUwoOtC7OkT9g,0,0,0,0,0,0,0,0
UCrghRaw9QUj9wr1KmUmq-Ww,0,0,0,0,0,0,0,0
UCYFvEPbFbDIVRiODrh1-x4g,0,0,0,0,1,0,0,0
UCkaf5Ih_hfJhgSYuxdRrAeg,0,0,0,0,0,0,0,0
UCf-F5Xe_y99T-VjstWeaStQ,0,0,0,0,0,0,0,0
UCm0meJiLbsa95jGKdiOG3MQ,0,0,0,0,1,0,1,0
UCGtX3UJwJ82TnN_94Y-TTiw,0,0,0,0,0,0,0,0
UC1Photif9O5xBJbWhhuenLQ,0,0,0,0,1,0,0,1
UCNvbzaEumM6XxoigLKk4pKg,0,0,0,0,0,0,0,0
UCC57FdmxzApAE8pf3JSggdA,0,0,0,0,1,0,0,0
UC2EYz8hdR6B9FommcvFMapg,0,0,0,0,0,0,0,0
UCaY0KUgBoNMsiAmZB5ocXPg,1,1,0,0,1,0,0,0
UCa30hKaGhvDQ3agUfMRjRlQ,0,0,0,0,0,0,0,0
UC-dw7Ff8BMM5_gWGaBm590Q,0,0,0,0,0,0,0,0
UCUakgkLGkhyemHe1x4OhaHQ,1,1,1,1,1,0,1,0
UC-k-Rld-31VU588OAEWC0DA,0,0,0,0,0,0,0,0
UCD6zwIVajLLWvSAzxmLbw-A,0,0,0,0,0,0,0,0
UCcq-IiZQr5QerrzqNcZFO5A,0,1,0,0,1,0,0,1
UC7QEC1ilps_uJ5vmPf0shAQ,0,0,0,0,0,0,0,0
UCZHWJKRoXdxJWehGd2QvRvA,0,1,0,0,1,0,0,1
UCe2YSQiQurqip7c1b9IkTwg,0,0,0,0,0,0,0,0
UCBs2Y3i14e1NWQxOGliatmg,1,0,0,0,1,0,0,1
UCmmIXt8yU5IUP7IFrwCPCiw,0,0,0,0,0,0,0,0
UCGBtk3J7PL40ZMhf3_1YBwg,0,0,0,0,1,0,0,1
UCEdKu3D2SHD6RAHffCfR5Pg,0,0,0,0,0,0,0,0
UCHuRmBiNxVXpaPWGNJbkWJg,0,0,0,0,0,0,0,0
UCh0g_cn24kkCh0CqXL2-Rtw,0,0,0,0,0,0,0,0
UCPb6-rZi2orgH0EEqYB-QdA,0,0,0,0,0,0,0,0
UCHP1TYqf3gDuPgMWHe1_qaw,0,0,1,0,0,0,0,0
UCxKayhmO574h5v6-zPDKptA,0,0,0,0,0,0,0,0
UCFTR7-nvJVhZK9hhMEx3c_g,0,0,0,0,1,0,0,1
UCoNchVUvqpueNXNAj1xxgfg,0,0,0,0,0,0,0,0
UCPIFpXoSHcxugKT7wnnsDHg,0,0,0,0,0,0,0,0
UCgzZQjRQDzCxMXsrvz8edFg,0,0,0,0,1,0,0,1
UC2Zy7yOQSQySE5izhB_fuYQ,0,1,0,0,1,0,0,1
UC1k5tFwF2dDPaFffLf-uSiA,0,0,0,0,0,0,0,0
UCpmxmmW7ERkH_hRtLCVhqAw,0,0,0,0,0,0,0,0
UCdZITMrih6tDcA-yJadA8Ag,0,1,0,0,1,0,0,1
UCLDqwYRIwQXMa8U54dxDtTQ,1,1,0,0,1,1,0,1
UCfYOgElzqPqAoHsLn4pvVlA,0,1,0,0,1,0,0,1
UC2UxwknruoZ3D7-1_WCNItQ,0,0,0,0,0,0,0,0
UCqbjXOW_--P4_oKjx72ODIg,0,0,0,0,1,0,0,0
UCGqOTtZcPXPZvORJTF4UIdw,0,0,0,0,1,0,0,0
UCj3pSt0tKbDQ5ObZBFdK5Lw,0,0,0,0,0,0,0,0
UCqHTLE2ISetsO_rHBiiXhdQ,0,0,0,0,1,0,0,0
UCRYYWAza_XEzVKKqbu84SkQ,0,0,0,0,0,0,0,0
UCy5KtRxl2tFc547LQhoJ6wA,0,0,0,0,0,0,0,0
UCneAS1aSqCNW_P6MZP2_tSA,0,0,0,0,0,0,0,0
UCbLEAJAo7Mw42JqMi86TVbg,0,0,0,0,0,0,0,0
UC82kOfh5EDszJiCfxCva0CQ,0,1,0,0,1,0,0,1
UCUuQgufDeih0Y5PMlOs_lQA,0,0,0,0,1,0,0,0
UCmkuiue0A7H92rcZm1OaMaQ,0,0,0,0,0,0,0,0
UC9MtHm0j7z3aKoj7G7KeF-Q,0,0,0,0,0,0,0,0
UCRoX7ew7KQ9Y1JynoFBc6yA,0,0,0,0,0,0,0,0
UCZiM5qqYNhMppjECQTfP7bQ,0,0,0,0,0,0,0,0
UCJxNkQZ_x6B0X6aybMZWelA,0,1,1,1,1,1,1,1
UCTEpn7yQrF1eKMj3jtRCjOg,0,1,0,0,1,0,0,1
UCeZkHHXkbqJ--S7J6zW2H5Q,0,1,0,0,0,0,0,0
UCCxMolkBbFvMATFEf5En_TA,0,0,0,0,1,0,0,0
UCO7SyepWR3VTyHwByla3o_w,0,1,0,0,1,1,0,1
UClT7hcMpiE9T_XDHLebO04A,0,0,0,0,0,0,0,0
UCE3rJPSpXnVxvgBSXQWeodA,0,0,0,0,0,0,0,0
UCqCx7rcGEfjE1adpO3puZ8A,0,0,0,0,0,0,0,0
UCp9_IdYfsUcLkdFl0x80Scw,0,0,0,0,0,0,0,0
UC9DyR_6F9zbkkphv9xs9Rxg,0,1,0,0,1,0,1,1
UCvZlxYzPCyXrtLHkkgPlTYA,0,0,0,0,0,0,0,0
UCWsX3xDj6ekgqHOQ_fSkBqw,0,0,0,0,0,0,0,0
UCIoFT6fYmzIEMjldKwytLWA,1,1,1,0,1,0,0,1
UCY30JRSgfhYXA6i6xX1erWg,0,0,0,0,0,0,0,0
UC-cUxjYYGuehenT3YWH8sUg,0,0,0,0,0,0,0,0
UC4WDGBa37-y8-HQEaUc7NPQ,0,0,0,0,0,0,0,0
UCNwL2sXSTrW8wW6BuHeJ3rQ,0,0,0,0,0,0,0,0
UCaDYRLZC8FL-Df3ZJHDnpzw,0,1,0,0,0,0,0,1
UCWv_20ptZMar2TDswm6wYLg,0,1,0,0,1,0,0,1
UC8ekybeo216CnGEnO1y7duA,1,1,0,0,1,0,0,1
UCY9vnY4jMLQEpC_8cJWnHrw,0,0,0,0,0,0,0,0
UCSx5DX6vU1nAi49Y01mknkw,0,0,0,0,0,0,0,0
UCBRmwsBDr6EDin0O5PQNy0Q,0,0,0,0,1,0,0,0
UCUnExvOBNIzmWnaWCd-Ka9Q,0,0,0,0,0,0,0,0
UCcqsx0NjdN3Ng9Nd8VSOlXg,0,0,0,0,0,0,0,0
UCnZz6TEZNfcSi5ghUndgygw,0,0,0,0,1,0,1,1
UCW0rZ4UyCD4iknz7t8ogIpw,0,1,0,0,1,0,0,0
UCETYzeJczHB2tDjIzkzF_CA,0,0,0,0,0,0,0,0
UCv6mgxOjz1UA2tcXvuzlPYw,0,0,0,0,1,0,0,0
UCx6jDI1s0KnYl8T7Z5ANv0A,0,0,0,0,0,0,0,0
UCstwnmjrH6CX63UNqo0Mh5A,0,1,0,0,0,0,0,0
UCcCLDruqa7cwT-xZgkGZenA,0,1,0,0,1,1,0,0
UCOyQHPE68M-7IOWkdgom9-Q,0,0,0,0,0,0,0,0
UC-YjlUm5ee7_sXHvIo5-hew,0,1,0,0,1,0,0,1
UC9ureZgJ6T-KkYsS_fK7Zgg,0,0,0,0,1,0,0,0
UC69Y7DCJKcNRVgM_gX8mX7w,0,0,0,0,0,0,0,0
UCL9yj-9iVdA8hjr5istRlFQ,0,0,0,0,0,0,0,0
UCKTHJVq9B4aw1enKz1nWhUw,1,1,1,0,1,0,0,1
UCz590VCg2P4eZZiH_g4BQ5Q,0,0,0,0,1,0,0,0
UCJmrEANvwVvAec1-ybpFoNw,0,0,0,0,0,0,0,0
UC4D8uQg4bfBR5sTrO1VG4MA,0,0,0,0,0,0,0,0
UCoPHN90FtCtc0sLiHDSWxsw,0,0,0,0,0,0,0,0
UC4P2wqeGTaO4CPVd5hP90SA,0,0,0,0,0,0,0,0
UCKy1dAqELo0zrOtPkf0eTMw,0,0,0,0,0,0,0,1
UCO7fujFV_MuxTM0TuZrnE6Q,0,0,0,0,0,0,0,0
UC9pO2YNforRbdwKOh09djKA,0,0,0,0,1,0,1,1
UC7lZ_iOz3NhA6krGfILerQA,1,0,0,0,1,0,0,1
UCdI_pzbYbtdDXquCmZOfTPQ,0,0,0,0,0,0,0,0
UC0lRhmEiBp1-HAFrVcrAueg,1,0,0,0,0,0,0,1
UCeohTt4JJAzNLnxUg3968wA,0,0,0,0,1,0,0,0
UCJzte74amLpE7xuubKC32Ow,0,0,0,0,0,0,0,0
UCN-6aIGc_tcZyhXH0vOOulQ,0,0,0,0,0,0,0,0
UCAGaiCMup_uxEMcBCcLRnmQ,0,0,0,0,0,0,0,0
UCHCph-_jLba_9atyCZJPLQQ,0,1,0,0,1,0,0,1
UC7_YxT-KID8kRbqZo7MyscQ,0,1,0,0,1,0,0,0
UCOJZ1tna8yj8mAEITPkHNCQ,0,0,0,0,0,0,0,1
UCSAUGyc_xA8uYzaIVG6MESQ,0,0,0,0,0,0,0,0
UC2iUwfYi_1FCGGqhOUNx-iA,0,0,0,0,0,0,0,0
UC9-oOzriEPfpPvjTOAu3Cww,0,1,0,0,1,0,0,1
UChLN0bJgq6d15OK2HVB4YTg,0,1,0,0,0,0,0,0
UC97fD0Bh2p3STJ22frc3pRQ,0,0,0,0,0,0,0,0
UCGNU0M38aTwA1QV6mECn5OA,0,0,0,0,1,0,0,1
UCrrvakqJsCh0J5yRxS_ZEjw,0,0,0,0,1,0,0,0
UCenMWMQOjul4ufo49xkvTYg,0,0,0,0,1,0,0,0
UCH1v_rfUpMBCC7-0kjMLMEg,0,0,0,0,0,0,0,0
UCEjNucEVq5vRH2IGNeTqx3Q,0,1,0,0,0,0,0,0
UCWbvaqKOLQ8RS5Nc4XWWdhA,1,0,0,1,1,0,0,0
UC59jm6JUT_PNciq8XNHDCbA,0,0,0,0,0,0,0,1
UCbjwvVXd4sMlBTpeXBZftDQ,0,1,0,0,0,0,0,1
UC-QZWTOtdsm6CNPHUR88irA,0,1,0,0,1,0,0,1
UCt-WqkTyKK1_70U4bb4k4lQ,1,0,0,0,1,0,0,0
UCVgZw2hguslwhERp-BRYFAg,0,0,0,0,0,0,0,0
UC6jxVdAc76RhO_byMwq7HaQ,0,0,0,0,0,0,0,0
UC5BMQOsAB8hKUyHu9KI6yig,0,0,0,0,0,0,0,0
UCVJ2GFJzJgwyN7eWWWSpcHA,0,0,0,0,0,0,0,0
UCV1JuyDF9Re3HyXFGeqnC7Q,1,1,0,0,1,0,0,1
UCEvLUnQiH-i1XUNikh0Zm4g,0,0,0,0,1,0,0,1
UCJpL0JQKe7I2EbphDI7IKPw,0,0,0,0,1,0,0,1
UCvtvlD_b6HkhO-pol630N3w,0,0,0,0,0,0,0,0
UCH5ltHYCVSkZ7tiJVe0Dq0Q,0,0,0,0,0,0,0,0
UCiha1h9wDB6MBXQKtttqHUg,0,1,0,0,1,0,0,0
UC6IijBsVf2PlWo_uq6P9wQw,0,0,0,0,1,0,1,0
UC_zEzzq54Rm0iy7lmmZbCIg,0,1,0,0,1,0,0,1
UCo4ywJQXfUIB0lCBpczW3cA,0,0,0,0,0,0,0,0
UCZJz0RayJBfATZlwmpbPB8w,0,0,0,0,1,0,0,1
UCAloSEOb-EsfrqaWD7G3Frw,0,0,0,0,1,0,0,1
UCXazgXDIYyWH-yXLAkcrFxw,0,0,1,0,0,0,0,0
UCcdbBVSvHFELrUkRYSNbcug,1,0,0,1,1,0,0,1
UCSjXXHwfaDq1w9oQ0xgOFNg,0,0,0,0,0,0,0,0
UCfvLH5R0Rv_GWldg_YfYacA,0,1,0,0,0,0,0,1
UC8rVJyj4zE0S9-sccMLifIA,0,0,0,0,0,0,0,0
UCkMjQLGU6lyN2CUp9yBGQ4w,0,0,0,0,0,0,0,0
UCQXj1LsA6K8A9uW2iQVhIgQ,0,1,0,0,1,0,0,0
UChdaijfOn0PIKYel52M2ZCQ,0,0,0,0,1,0,0,1
UCJv1rkl3-Qpfa4q5CJYLs9Q,0,0,0,0,1,0,1,0
UCmDM-a4Q6dlmjhuCT1D_PUQ,0,1,0,0,1,0,1,0
UCAAszizDDdScfqclAybLiEA,0,0,0,0,1,0,0,1
UCN5xN8gIljvWYnsj06V8WbQ,0,1,0,0,1,0,0,1
UCaCPkuYCvYGuzWFYRcKdd0Q,0,0,0,0,0,0,0,1
UCD9PZYV5heAevh9vrsYmt1g,0,1,0,0,1,0,0,1
UCyLHOxXRmp9z93Qga-Dj0sA,0,0,0,0,0,0,0,0
UCXfeU2D1Q9T792T1fCi_ayA,0,1,0,0,1,0,1,1
UCyauCpNGgga52OMKn9yYW_w,0,1,0,0,1,0,0,1
UCqgriLWR20k7_sH5D0NZlFg,0,0,0,0,1,0,0,0
UChl6CG-V7LgqhfwkvbHH67Q,0,0,0,0,1,0,0,1
UCbC-982BaGvFR2CBI4UdNwg,0,0,0,0,1,0,0,0
UCKH9HfYY_GEcyltl2mbD5lA,0,1,0,0,1,0,0,0
UCKL5hAuzgFQsyrsQKgU0Qng,0,0,0,0,0,0,0,0
UCHOW0WHcVUE-kSSzPXShB7w,0,0,0,0,1,0,0,0
UCTkL2hI0A-Zfid4O9RvXVtw,0,0,0,0,0,0,0,1
UCd1fLoVFooPeWqCEYVUJZqg,0,0,0,0,0,0,0,0
UCcBDDGP59a8SCzYLA_lCkuw,0,1,0,0,1,0,0,1
UCM6yPd-dzKvHhGptvrAmT5w,0,0,1,0,0,0,0,0
UCzfyYtgvkx5mLy8nlLlayYg,1,1,1,1,1,0,0,1
UCYzPXprvl5Y-Sf0g4vX-m6g,0,1,0,0,1,0,0,0
UC0_rHbbPBtpQN1emc3an1jQ,0,0,0,0,0,0,0,0
UCUk7VggtJdo9XYTy3Z5QVAw,0,1,0,0,1,0,0,1
UCfoXwBVE0qINt9ZQx2eYiQA,1,0,0,1,1,0,0,1
UCBdM5ciwKyTFbg-AuLG0S0g,0,0,0,0,0,0,0,0
UCQpNRtA9mov4795FNZz1TpQ,0,0,0,0,0,0,0,0
UCcmHmiEFz0qatMgV6E4VePA,0,0,0,0,0,0,0,0
UCX77Km4pLRsU9OFYEMdIvew,0,1,0,0,0,0,0,0
UCP-CAwOG0AiieZNFdONsN5Q,1,0,0,0,1,0,0,1
UCCryrohClZM8XK4yEYBE_qA,0,1,0,0,1,0,0,1
UC8-Fj1X9TI678ba1wv2PP_w,0,0,0,0,0,0,0,0
UCviQMWBynNPLjkl4s-Nu68w,0,0,0,0,0,0,0,0
UC4-qp6FODsJf_JryP10wRiQ,0,0,0,0,0,0,0,0
UCKV2MIICJ8Oa7_he1IZJEVw,1,1,0,0,1,0,0,1
UCWENB1OaGA9402PKzEVl0ow,0,1,0,0,1,1,1,1
UCJkMlOu7faDgqh4PfzbpLdg,0,0,0,0,0,0,0,0
UCNLdqhBwGzscezZwsdcm0SA,0,1,0,0,1,0,0,1
UCIK7o7f5cxaN2aom3k9549Q,0,0,0,0,0,0,0,0
UCEy1zKkK9-ujYEkaSlTo1qg,0,0,0,0,0,0,0,0
UCHEf6T_gVq4tlW5i91ESiWg,0,1,0,0,1,0,0,1
UC_wIGmvdyAQLtl-U2nHV9rg,0,1,0,0,1,0,0,0
UCxSjoRRrprrbX9uYIRVrerg,0,0,0,0,0,0,0,0
UCglYq701IltaH0Fk-z3UsSA,0,1,0,0,1,0,0,1
UCRTMrZCgRL4ylrgcwWZGACw,0,0,1,1,0,0,1,0
UCzYfz8uibvnB7Yc1LjePi4g,0,0,0,0,1,0,0,0
UCI3kklOT-m7i8wLwy-It4Pg,0,0,0,0,0,0,0,0
UC5EKlflss5IVgIfI4-sjd9w,0,1,0,0,1,1,1,0
UCVTKO1D_G19UlK03ezaADag,0,0,0,1,0,0,0,0
UCdnJJrDUl-y_ryelLMslxkQ,0,0,0,0,1,0,0,1
UCXghqKLrPsGtEAQpmybkXrA,0,1,0,0,0,0,1,0
UCQu2svIia4qtuWcuQQVFj7w,0,0,0,0,0,0,0,0
UCC-RHF_77zQdKcA75hr5oTQ,0,1,0,0,1,0,1,1
UC6iEWYfIORiis3TSYOJJMEQ,0,1,0,0,1,0,0,1
UC7eHZXheF8nVOfwB2PEslMw,0,0,0,0,0,0,0,0
UCnM02drQP-dF7WMgtJHR4Xw,0,0,0,1,0,0,0,0
UCzSSoloGEz10HALUAbYhngQ,0,0,0,0,1,0,1,1
UCSkKAqmw8DZjU2A-Fupl1_Q,1,1,0,0,1,1,0,1
UCUpkp-6fXuG9dqfoJ99XTmw,0,0,0,0,1,0,0,1
UCfw8x3VR-ElcaWW2Tg_jgSA,0,1,0,1,1,0,0,1
UCJnslt70lLbUFP2LjOaMSIw,0,1,0,0,1,0,1,1
UCGDV4-Gr3gyc-eGCgRtXknw,0,0,0,0,0,0,0,0
UCgPClNr5VSYC3syrDUIlzLw,0,0,0,0,1,1,0,1
UCRzOK_1QBC9SSQoJ4NjA8Xg,1,0,0,0,1,0,0,1
UCLFXk9J3O-hhOk0msOjKYdQ,0,0,0,0,0,0,0,1
UCkuioLhxT5R6KctFIvUzhww,0,0,1,1,1,0,1,0
UCI3uC73n0pqSNIayaIj9p6g,0,0,0,0,0,0,0,0
UCCyrXyelKeXFx5KDgldMmNw,1,1,1,1,0,1,1,1
UCAGlOxmYbmXMifHpB43P2XQ,0,1,0,0,1,0,0,1
UCz_cDc_2arKIb6SlJoqFT0w,0,0,0,0,0,0,0,0
UCAsLjyYl9GW66G1mpMzr8IA,0,0,0,0,1,0,0,1
UCS9swtRyPN2aK4WPSk_tdrg,0,0,0,0,1,0,0,0
UC6LJv9KWTQ-BiTU6oYiO8tA,0,0,0,0,0,0,0,0
UCcjoLhqu3nyOFmdqF17LeBQ,0,1,0,0,1,0,0,1
UCf-gQkGR25Pt5_pFV38sR5Q,0,0,0,0,1,0,0,0
UCTQ-gSOpuLtgQarXw3XVmyQ,0,0,0,0,1,0,0,1
UCeXoFprcU1KmMiGu1gREsFw,0,0,0,0,1,0,0,0
UCzj37PMc7beDImJ8uOhMlyg,0,0,0,0,0,0,0,0
UCfpWEVNwNpT6wOQjzZixruw,0,1,0,0,1,0,0,0
UCwgz2p1VZy_2YULNS7Ya6dA,0,0,0,0,0,1,0,0
UC_9h91QNPdVIHeuQkchBAYg,0,0,0,0,0,0,0,0
UC-F6LZSWz34xKknY8NNCzgQ,0,0,0,0,1,0,0,1
UCCB2Qj8sI2mZ9_llRqLW24A,0,0,0,0,0,0,0,0
UCtYBAk9PDUFbSwyINasDHZg,0,0,0,0,0,0,0,0
UCfo5zBbZ0smfxukdpTAs_dA,0,0,0,0,0,0,0,0
UCDXzb7UwCDktJaMiIBU0wzA,0,0,0,0,0,0,0,0
UCJ0WquyQU34OVq39vBNU7MQ,0,0,0,0,0,0,0,0
UC4WDp-auRx8vTzyzBFnfHGQ,0,0,0,0,0,0,0,0
UCKc-7Oz9_Uc3MVnd9_iHZCA,0,0,0,0,0,0,0,0
UC_W--p8UJ83-Dt39VfwHqUQ,0,0,0,0,0,0,0,0
UCtsEEvj2ncLqoS-IGCjq9CA,0,0,0,0,0,0,0,0
UCvP171Fl9Z69Oj5kMPWJWOw,0,0,0,0,0,0,0,0
UCdQ0c_PsxVaYLtdkBb1Dihg,0,0,0,0,0,0,0,0
UC5M_h2S8Ldoc9M6f7B-_m6A,0,1,0,0,1,0,0,1
UCRzHobRLv2IsVXRUiXNAnTg,0,0,0,0,1,0,0,0
UC-3-Hm-sb3uvquUYzbS6QeA,0,0,0,0,0,0,0,0
UC3uVf7bsWEBeN-AqaQtqIhA,0,0,0,0,0,0,0,0
UCb5okvS95l2QAPsZV6ulRmQ,0,0,0,0,0,0,0,0
UCKXzKZIfyezvNTEAbUQi76A,0,1,0,0,1,0,0,1
UCNJzF_0Tcjws8tRfA-DWhng,0,0,0,0,0,0,0,0
UCyily0XbC0FotCQARGxRxLQ,0,1,0,0,1,0,0,1
UCJbbf3IwiY96jOv7bAQC8Ug,0,1,0,0,1,0,0,0
UCrSondWz4M2c3sJ-ylu5IxA,0,0,0,0,0,0,0,0
UCInCjDVRwDfB2PH00nB4UTQ,0,0,0,0,1,0,0,0
UCexDf7JTFrjguQIalbL2tXA,1,0,0,0,1,0,0,0
UCTRNV3t2jxbkZgBjhyDv8UQ,0,0,0,0,1,0,1,1
UCbkoCfN3WRL0TCzknK8Qi3g,0,1,0,0,0,0,0,0
UC_Xw0yKAHTwnfUoPt-av8VQ,0,0,0,0,0,0,0,0
UCspjaAMsybCNDNxmPhPgvdQ,0,0,0,0,0,0,0,0
UCx0eQsDrjn-EXMWeusTh2cQ,0,1,0,0,1,0,0,1
UCjzE1AOFS9AOtomzR3Ccang,0,0,0,0,1,0,1,1
UCtVmCA5qjxCiktUd3dZu5hg,0,0,0,0,0,0,0,0
UCSwuLbQ41gV-eTLkmChGgqg,0,0,0,0,0,0,0,0
