id,instagram,twitter,facebook,spotify,twitch,patreon,vk,plus.google,play.google,steam,myspace,merchandise
UC_Q51pfEm5-L7Q7N-i1W3wg,1,0,0,0,0,0,0,0,0,0,0,0
UCAqHpEnYCNEbBSOtSKI6D1A,0,0,0,0,0,0,0,0,0,0,0,0
UCIiKn4Qet8YBnSgyh36KAeg,0,0,0,0,0,0,0,0,0,0,0,0
UCCaabPFpqlTog1a9NcGNg0g,0,0,0,0,0,0,0,0,0,0,0,0
UCY2jUnU118sVkdj2xafiJ0g,0,1,1,0,0,0,0,0,0,0,0,0
UC4Pg4VMErK0WQJZI_suR7jA,0,0,0,0,0,0,0,0,0,0,0,0
UCkcudKg1F03R8hemF2Ojimg,1,0,1,0,0,0,0,0,0,0,0,0
UCW5_WauTkyJj3hsEVIIg8dQ,0,0,0,0,0,0,0,0,0,0,0,0
UC44eGZ76AJLHAxPaJ_MW2RA,1,1,1,0,0,0,0,0,0,0,0,0
UCNDVFsOY1HMSXDhcxuEfGoA,1,1,1,0,0,0,0,0,0,0,0,0
UC7_yh9PEDpaqp34QtGO-_Yw,1,0,0,0,0,0,0,0,0,0,0,1
UCNzsYU0aWwjERj-9Y9HUEng,1,1,1,0,0,0,0,0,0,0,0,0
UCNXr2M9miMhQrHZDLwVLONg,0,0,0,0,0,0,0,0,0,0,0,0
UCgwv23FVv3lqh567yagXfNg,1,1,1,0,0,0,0,0,0,0,0,0
UCkZ_KGjLKvfvs30tJDFVwUA,0,0,0,0,0,0,0,0,0,0,0,0
UC9sY9S-ddN-1E0jD2fFWLig,1,1,0,1,0,0,0,0,1,0,0,0
UCWr4vlkj5xXQ4bSXNeTT2AA,0,0,0,0,0,0,0,0,0,0,0,0
UC3FBdA2krgGmdGdqxqDjElA,1,0,1,0,0,0,0,0,0,0,0,1
UC-4G49konaVc4Zyw9SNGc4w,0,0,0,0,0,0,0,0,0,0,0,0
UCXodGGoCUuMgLFoTf42OgIw,1,0,0,0,0,0,0,0,0,0,0,0
UCS_BQjyp0_62lO09p5ZfYLg,0,0,1,0,0,0,0,1,0,0,0,0
UCxeOZigj9hGZH-5av0uaJGQ,0,0,0,0,0,0,0,0,0,0,0,0
UCOk55dAgB8VnMlhaTEMeX5A,0,1,1,0,0,0,0,1,0,0,0,0
UCqdGW_m8Rim4FeMM29keDEg,0,0,0,0,0,0,0,0,0,0,0,0
UCFOnJByYT1poZhxoUHaBGQg,0,0,0,0,0,0,0,0,0,0,0,0
UCLhO_QqMBdKOrV_nf8UwzlA,1,1,1,0,0,0,0,0,0,0,0,0
UCdE4s5fAVkAQTfjG_qC4uTA,1,0,0,0,0,0,0,0,0,0,0,0
UCBKT825iA5p09fAZ-9wd1vQ,0,0,0,0,0,0,0,0,0,0,0,0
UCzIdYMdAtTsWucGCZyZvN6w,1,0,1,0,0,0,0,0,0,0,0,0
UCB5G0kdBHEn8uDT3pfDUkkQ,0,0,0,0,0,0,0,0,0,0,0,0
UCeGjlsryBLOQNlMhE5MSioQ,0,0,0,0,0,0,0,0,0,0,0,0
UC-AxiwZdOVazFqggF1F2aLg,1,1,1,0,0,0,0,0,1,0,0,0
UCwKyfVn8hnsz2SNEmPueoPw,1,1,1,0,0,0,0,0,0,0,0,0
UCP2KufrODfbKTULzHJ8uI_g,1,1,1,0,0,0,0,0,0,0,0,0
UCTVzy8sOUFi-a5NBhuPv7tQ,0,0,0,0,0,0,0,0,0,0,0,0
UC21LBTN66AkhehxaYr8Vowg,1,0,0,0,0,0,0,0,0,0,0,0
UCfPSzsqQWfR2IW8A5vMa42A,0,0,1,0,0,0,0,0,0,0,0,0
UC5QDH1Gj1DBsgNnnYexAErQ,0,0,0,0,0,0,0,0,0,0,0,0
UCzPMUOQiUoq9GnhHgcLZEqQ,0,0,0,0,0,0,0,0,0,0,0,0
UCu4mAgni85Q6uIGIAJ1-Feg,0,0,0,0,0,0,0,0,0,0,0,0
UCiBvuoKHWkW62kM0H5OakRA,0,0,0,0,0,0,0,0,0,0,0,0
UCxj3yv6V6VXqFV2qrIQlOPw,0,0,0,0,0,0,0,0,0,0,0,0
UCs0upBDG-dCAxy8_VDPE5XA,0,0,1,0,0,0,0,0,1,0,0,0
UCKE6prY-lztVSD4YZt2Co4w,0,0,0,0,0,0,0,0,0,0,0,0
UCCkR0LFfQuOIgSQ6KiDbvmQ,0,0,0,0,0,0,0,0,0,0,0,0
UCvJYAAZlfnNHnhKD_cxLhcw,1,1,0,0,0,0,0,0,0,0,0,0
UCUAL--p3qAa27luR0IYbjZA,0,0,1,0,0,0,0,0,0,0,0,1
UCFkW3zyiniJ9Dn8nLR8_v3w,0,0,0,0,0,0,0,0,0,0,0,0
UC1W4T2HfKVCJM4ICOjzxoBg,1,0,0,0,0,0,0,0,0,0,0,0
UCOLSVS2agpnBNZlYEE2mLkQ,0,0,0,0,0,0,0,0,0,0,0,0
UCWda0RFPFeV2TO54PNxTMmA,1,0,1,0,0,0,0,0,0,0,0,0
UCf9xTqXTItfs5R0JZqlomjA,0,1,1,0,0,0,0,1,0,0,0,0
UC9tRWxIEybKyUNXSsllpqBg,0,0,0,0,0,0,0,0,0,0,0,0
UCK5Q72Uyo73uRPk8PmM2A3w,0,0,0,0,0,0,0,0,0,0,0,0
UCpekra_v5x9oNXRRHtj_HNQ,0,0,1,0,0,0,0,0,0,0,0,0
UCGnCcs-xBdUyUM9AMuYNcuw,0,0,0,0,0,0,0,0,0,0,0,0
UCPVN2sbn6lG5Bwjm60ZA2gg,0,0,0,0,0,0,0,0,0,0,0,0
UCDvEoBM4lmljDRzKJrox1hg,0,0,0,0,0,0,0,0,0,0,0,0
UCB89VdFsWxBsUBy2O2lB5og,0,0,0,0,0,0,0,0,0,0,0,0
UC2ciSIq8V-HdaZkfHcEBPYQ,0,1,1,0,0,0,0,0,0,0,0,0
UC6zhI71atP7YLoZyIyCIGNw,1,1,1,0,0,0,0,0,1,0,0,0
UC6zPzUJo8hu-5TzUk8IEC2Q,1,1,1,1,0,0,0,0,0,0,0,0
UCBN7qVKYrsQelWnyt7J28Ug,0,0,0,0,0,0,0,0,0,0,0,0
UCHkImkyGmhSxGbHKJvav5Ig,0,0,0,0,0,0,0,0,0,0,0,0
UCXKhxWbzx_uP_Ubad18xbDw,0,0,0,0,0,0,0,0,0,0,0,0
UCTYU_EGMogQmg0jk2sRfXbw,0,0,0,0,0,0,0,0,0,0,0,0
UCPyvb2tkhoTljRcVrf-qpUw,0,0,1,0,0,0,0,0,0,0,0,0
UCK9F8nycURBsR0YlrBsu1Ag,0,0,0,0,0,0,0,0,0,0,0,0
UCfaZw8XH_zmAVkBst_MPD6w,0,0,0,0,0,0,0,0,1,0,0,1
UCzSPxPb3u5Xf5LWtZJFmU0w,1,1,1,0,0,0,0,0,0,0,0,0
UC1K0Di0l79nMOxVCU7oHW-Q,1,0,0,0,0,0,0,0,0,0,0,0
UCS94J1s6-qc8v7btCdS2pNg,1,0,0,0,0,0,0,0,0,0,0,0
UC1f30HQiOR7NzmE8PYPQhZw,0,0,1,0,0,0,0,0,0,0,0,0
UCfJf8DrUe-IsxpWo1ssJw5w,0,0,1,0,0,0,0,0,0,0,0,0
UCUe6ZpY6TJ0no8jI4l2iLxw,0,0,1,0,0,0,0,0,1,0,0,0
UC08d1QqBdQFwcJo9BbA-Gug,0,0,0,0,0,0,0,0,0,0,0,0
UC58otONbfRjWcYjlJvHaYfw,1,0,0,1,0,0,0,0,0,0,0,0
UCjmAh2qxmvWdH3xNPbg0IUQ,1,0,0,0,0,0,0,0,0,0,0,0
UC4k7WVOJHZ_ihx9ta2eu7mQ,0,0,0,0,0,0,0,0,0,0,0,0
UC4ODgZPSmUVgpbjT_CVNBpA,0,0,0,0,0,0,0,0,0,0,0,0
UCsRW8ikkc-uISUXtNKBfFcw,1,1,1,0,0,0,0,0,0,0,0,0
UC-5E0ZHSkN6hExW4rDCY4vw,0,0,1,0,0,0,0,0,0,0,0,0
UCsp0Ze3E3PSpFkwj7ia6aPw,0,0,1,0,0,0,0,0,0,0,0,0
UCcr3VURKPVL_D1Ag5nmFOFw,0,0,0,0,0,0,1,0,0,0,0,0
UCUI8XDywSfFSYBLqNS79QKQ,0,0,0,0,0,0,0,0,0,0,0,0
UCKAqou7V9FAWXpZd9xtOg3Q,1,1,1,1,0,0,0,0,0,0,0,0
UCyL_DfK9qanz7TWeIaJCKOQ,1,0,0,0,0,0,0,0,0,0,0,0
UChz5aEi3dfrDVC8-YJsMUDA,0,1,1,0,0,0,0,0,0,0,0,0
UCeVvKlU2X_-deXXwibuoOfw,0,0,0,0,0,0,0,0,0,0,0,0
UCCqAU0_8JgGxZs_Hslyzn-Q,0,0,1,0,0,0,0,0,0,0,0,0
UC9rGkf9kmCDi4kAmbd1Csyw,1,0,0,0,0,0,0,0,0,0,0,0
UCkDGE4U7Ca52Eo1y_01WXnA,0,1,1,0,0,0,0,1,0,0,0,0
UCelMeixAOTs2OQAAi9wU8-g,1,1,0,0,0,0,0,0,0,0,0,1
UCTph5drG1otLxUd1Uf8wlWw,0,1,1,0,0,0,0,0,0,0,0,0
UCecCngpPbJJZkK_b2RvSb-Q,0,0,0,0,0,0,0,0,0,0,0,0
UCP3bceupheuBgoOAsBmVCoQ,0,0,0,0,0,0,0,0,0,0,0,0
UCAkOQ5XDjqqmw7ijhEmhAgw,0,0,0,0,0,0,0,0,0,0,0,0
UCvlgKYQD9vmw8eWsTra7hOg,0,0,0,0,0,0,0,0,0,0,0,0
UCRiFIIjaK51I8xnxAkiBwfw,0,0,0,0,0,0,0,0,0,0,0,0
UCifWNRrXHbRYdgYYiqE9OyQ,0,0,0,0,0,0,0,0,0,0,0,0
UCj5Bz88QrJuOF5FcaxZ-0sQ,0,0,0,0,0,0,0,0,0,0,0,0
UC3InsF0nskaGxzzAIUDYbeA,0,0,0,0,0,0,0,0,0,0,0,0
UCgxHQ2vnyeqLCeNFUaks-UQ,0,0,0,0,0,0,0,0,0,0,0,0
UCTMJsJymzODHhoDeX7Z8u_Q,0,0,0,0,0,0,0,0,0,0,0,0
UCDQRuEmhDZKVV3T6-F3qhtA,0,0,0,0,0,0,0,0,0,0,0,0
UCdPG86Ahrf9A8YzBnFDAaEg,0,0,0,0,0,0,0,0,0,0,0,0
UCL_DNWIN-USXGVXPfmQLy2Q,1,1,1,0,0,0,0,0,0,0,0,0
UChRZS2yZ2TDEO13e3g4zHTQ,1,1,1,0,0,0,0,0,0,0,0,0
UCIe7rn_yIz7MGPEw7-EgaGQ,0,0,0,0,0,0,0,0,0,0,0,0
UCXBdYsnY6r76KaLFAyAujPg,0,0,0,0,0,0,0,0,0,0,0,0
UCvkvmLBdHodQ-a-6LeYFP0Q,0,1,1,0,0,0,0,0,0,0,0,0
UCu9MYfF0vosVcK38oNnnJxw,1,1,1,0,0,0,0,1,1,0,0,0
UCiSRILqVmWbYfxgT3YNIRww,1,1,1,0,0,0,0,0,0,0,0,0
UCSOkAH44edMHK1vodvve1DQ,0,0,1,0,0,0,0,1,0,0,0,0
UC_W0_Nv-3rxpWVvosddhrPw,0,0,0,0,0,0,0,0,0,0,0,0
UCmKxNGiiThXjwTAEIcsGRiQ,1,1,1,0,0,0,0,0,0,0,0,0
UC9WQwO95f6Cjr8St2tk_k9A,0,1,1,0,0,0,0,0,0,0,0,0
UC9WUMVR1jsan7IleT_bolsQ,0,0,1,0,0,0,0,0,0,0,0,0
UCdt_8VcD1Z_voDpdt1KPmBw,0,0,0,0,0,0,0,0,0,0,0,0
UCZb6NHiHNZZ0jeKDLqwm3DQ,1,1,1,0,0,0,0,0,0,0,0,0
UCBNXKrniCm4Qd9v5tTzY-aA,1,0,1,0,0,0,1,0,0,0,0,0
UCLxYJp3AlK5SD-W4lemR34A,0,0,0,0,0,0,0,0,0,0,0,0
UCV6P5rRVmiTL637byUZBTrQ,1,0,1,0,0,0,0,0,0,0,0,0
UCatemi6diUTXvO3zJhXk4qQ,0,0,0,0,0,0,0,1,0,0,0,0
UCxU7xOzM-iMfVnl0YNDOijg,0,0,0,0,0,0,0,0,0,0,0,0
UCtxLiGnI9Fs_74sW7gCTV7A,0,0,1,0,0,0,0,0,0,0,0,0
UC1uG6YE9N_4KS7EgxK65aSQ,0,0,0,0,0,0,0,0,0,0,0,0
UCGfbWCJjPwcAlBNkHT3gQ6w,1,0,0,0,0,1,0,0,0,0,0,0
UCPwQ8Yo90_ruIFPF3fLKwWA,0,0,0,0,0,0,0,0,0,0,0,0
UCN8S4CqMRy6tVKVXvs7Bzeg,1,1,1,0,0,0,0,1,0,0,0,0
UCvwdsAKQa8M-qnlA5qxJZGQ,0,0,1,0,0,0,0,0,0,0,0,0
UCJfhadGkdzeurRe-4cRcGPw,0,0,0,0,0,0,0,0,0,0,0,0
UC8NVCDv3NZhNtkOtJvWpoGQ,0,1,0,0,0,0,0,0,0,0,0,0
UCdDQfAINCml32sVCyp1B92Q,1,1,0,0,0,0,0,1,0,0,0,0
UCE76CBkDX591pxzps6bySOw,1,0,0,0,0,0,0,0,0,0,0,0
UCCKl-Kp_1pCyrdGaArNMx8A,0,1,0,0,0,0,0,0,0,0,0,0
UCByBXiL8TC7atFvIuNC95Hg,1,0,0,0,0,0,0,0,0,0,0,0
UC8JT4z4HMQt4ECORT6AxUlQ,1,1,1,0,0,0,0,0,0,0,0,0
UCtlth0w7_mYqpHPViMhQ99Q,1,0,1,0,0,0,0,0,0,0,0,0
UCDLHh9rTYYJZzoYA1vaNN2w,0,0,1,0,0,0,0,0,0,0,0,0
UCAOtE1V7Ots4DjM8JLlrYgg,0,0,0,0,0,0,0,0,0,0,0,0
UCey_5HjnJ1EYI7k-_bjVFTg,0,0,0,0,0,0,0,0,0,0,0,0
UC66qTRH20AvahadBgw5YYyQ,1,0,1,0,0,0,0,0,0,0,0,0
UC_w1BVttp1X2wDJsm-xbnCA,1,0,1,0,0,0,0,0,0,0,0,0
UC6nlVQNUBIOHpRG-WJwDrsA,0,0,0,0,0,0,0,0,0,0,0,0
UCyPz82J9A8xU5L6lHyLVHpw,1,0,1,0,0,0,0,0,0,0,0,0
UCDlMf3zbdoWYzTwQsaD0fRA,1,1,1,0,0,0,0,0,0,0,0,0
UCpYye8D5fFMUPf9nSfgd4bA,0,0,1,1,0,0,0,0,0,0,0,0
UC_NQM41t_vKHOXjjglGUKaw,0,0,1,0,0,0,0,0,0,0,0,0
UCSNgN8kLQ9Tj93Q4OZzQfMA,0,0,0,0,0,0,0,0,0,0,0,0
UCrqibU7I1_b1M06OLieE-Rw,0,0,0,0,0,0,0,0,0,0,0,0
UC2TndVNTUc15LFYtWU5Cgbg,1,1,1,0,0,0,0,0,0,0,0,0
UCH8YVMiSz89yFnDhKC-fByQ,1,0,1,0,1,0,0,0,0,0,0,0
UCCXx3XcQMzeHK8QK_mMbwhw,0,0,0,0,0,0,0,0,0,0,0,0
UCdIdODXT0pF69ZetPFcvIVw,1,1,0,0,0,0,0,0,0,0,0,0
UCxUZwdsqshu2iLQwdEE6e7Q,1,0,1,0,0,0,0,0,0,0,0,0
UCanlycN4wHIIb2f1G9cMzTw,0,0,0,0,0,0,0,0,0,0,0,0
UCcOj1rEHLhu3QDHP_gGgVkg,0,0,0,0,0,0,0,0,0,0,0,0
UCPC55dCdzIjNJd421LbK3uw,0,0,0,0,0,0,0,0,0,0,0,0
UCyf6g7DAPhMmrdHvU-JhPAQ,0,0,0,0,0,0,0,0,0,0,0,0
UCquMFVZvpf8eczgNSnCgYlw,0,0,0,0,0,0,0,0,0,0,0,0
UC2jbl74JBq11F3F6JVDjVoA,0,0,0,0,0,0,0,0,0,0,0,0
UCfYbdAudQpibCmMkJhPpOJg,1,0,1,0,0,1,0,0,0,0,0,0
UCpf1jZWZFaN8IbvSYj6V4xg,0,0,0,0,0,0,0,0,0,0,0,0
UCQemutUrc8R-t0YxFqynZrQ,1,0,1,0,0,0,0,0,0,0,0,0
UCCFvB7uMIGYE9zOPim66cSw,0,0,1,0,0,0,0,0,0,0,0,0
UCRqYmG1fVurWEsZ2nUqX3Bw,0,0,0,0,0,0,0,0,0,0,0,0
UCAapLx9Jr4aClLgkrFRTZAQ,1,1,1,0,0,0,0,0,1,0,0,0
UCCLP0sZ8fmtoc3y1__5P3JQ,1,1,1,0,0,0,0,0,0,0,0,0
UCbCmjCuTUZos6Inko4u57UQ,1,1,1,1,0,0,0,0,0,0,0,0
UCsDAemirN7qaUriaXzsFaHA,0,0,0,0,0,0,0,0,0,0,0,0
UCiE7Gx_LqbINklSQlmoJXSA,1,0,1,0,0,0,1,0,0,0,0,0
UCMt00ffUeZE9wIFygQwyDQg,0,0,0,0,0,0,0,0,0,0,0,0
UCOhb9t1loqbrnbx0anRA1nw,0,0,0,0,0,0,0,0,0,0,0,0
UCgNQQHp2mmKK3M778TGNV1w,0,0,0,0,0,0,0,0,0,0,0,0
UC7oIi5c0fObl2xZmtH1HTHg,0,0,0,0,0,0,0,0,0,0,0,0
UCp2HlZ2hc50Gla0G_1H90cQ,0,0,0,0,0,0,0,0,0,0,0,0
UCX7CYiI89e6wBnwytOx8A-Q,0,0,1,0,0,0,0,0,1,0,0,0
UCK2jX2R0GY3WjYhyM--Bomg,0,0,0,0,0,0,0,0,0,0,0,0
UC4dZWADIQHl5bTvYCmTBAxA,0,1,1,0,0,0,0,0,0,0,0,0
UCWlK0s4T4gyLavYiQTpSzKQ,0,0,0,0,0,0,0,0,0,0,0,0
UCiEWCGtcxlJsoHb1txitlWA,1,0,1,0,0,0,0,0,0,0,0,0
UCnC5FEYCvpN_Tq2eOpyg9pw,1,0,0,0,0,0,0,0,0,0,0,0
UCcdwLMPsaU2ezNSJU1nFoBQ,1,1,1,0,0,0,0,0,0,0,0,0
UCKHs0lhebTncn59ObjQGQSg,0,0,0,0,0,0,0,0,0,0,0,0
UCr7Bcu_X0cOwNfNM6ePYBXA,0,0,0,0,0,0,0,0,0,0,0,0
UCvC40mkvdkHYoU5m525pkdw,0,0,0,0,0,0,0,0,0,0,0,0
UCrzitFXURV4FL228cKFsoLA,0,0,0,0,0,0,0,0,0,0,0,0
UCyWohiN11XCSHRS7ItrcKwg,0,0,0,0,0,0,0,0,0,0,0,0
UCFZpNUZ_mA57P26Kl5GR3Rg,0,0,0,0,0,0,0,0,0,0,0,0
UCqXIVeWC-QLBmCkCux4Z8nA,0,0,0,0,0,0,0,0,0,0,0,0
UC5mMf2NE17_MiTL94ihRN2w,0,0,0,0,0,0,0,0,1,0,0,0
UCfZTEk_8x8xzjklURE1EAmw,0,0,1,0,0,0,0,0,0,0,0,0
UCsaOzYsyshyrYL4SHCTI8xw,1,0,0,0,0,0,0,0,0,0,0,0
UCm43o9t_e_YWYt7Kg0U_Ztg,0,0,0,0,0,0,0,0,0,0,0,0
UCfhDLKv3kZpGfgq-Na7gSag,1,0,0,0,0,0,0,0,0,0,0,0
UCBKLLUSOrnsb-wiSZH1jCtg,0,0,1,0,0,0,0,0,0,0,0,0
UC2BIcp1MW-akruYSv7bMGGQ,1,0,0,0,0,0,0,0,0,0,0,0
UCxz-1IROo6QyjY8fheIA9AQ,0,0,0,0,0,0,0,0,0,0,0,0
UCvq0BbsWrF0OP4q_q2X1M3w,1,0,0,0,0,0,0,0,0,0,0,0
UCwAQ92vsxyjuJbiY86yQG0Q,0,0,0,0,0,0,0,0,0,0,0,0
UCiirnBlVYod4MvLFgy4FELA,0,0,0,0,0,0,0,0,0,0,0,0
UCH5j3YFiiY9Am6ZfYLAUdHA,0,0,0,0,0,0,0,0,0,0,0,0
UCpnDeduW4x-ww_UOaUAH6WQ,0,1,1,0,0,0,0,0,1,0,0,0
UCQ2WjcRRelz7iLn9s0igjww,0,0,1,0,0,0,0,0,0,0,0,0
UCzLnRpsdIXKwpS79HhqZuCA,0,0,1,0,0,0,0,0,0,0,0,0
UCwvMBIL5Q0LhRTd9HC6tbgw,0,1,0,0,0,0,0,0,0,0,0,0
UCN106RQxroojNzkEMuRC0BA,1,0,0,0,0,0,0,0,0,0,0,0
UCLUEktLBavTJM6QEsCQm3MQ,1,0,0,0,0,0,0,0,0,0,0,0
UCcGhP8pDjqIBJvpCZpz54ig,0,0,0,0,0,0,0,0,0,0,0,0
UCvlE5gTbOvjiolFlEm-c_Ow,1,0,0,0,0,0,0,0,1,0,0,1
UCmNshpkVaqUt-Qmo2d0h0Qw,0,0,0,0,0,0,0,0,0,0,0,0
UCYJZ1mbTI0imJqexFk7EwUA,1,1,1,0,0,0,0,0,0,0,0,0
UCCp0ULwyMngrYALdNXpYKmQ,0,0,0,0,0,0,0,0,0,0,0,0
UCES9EqBs_G5cF-ZwAbfj2Mw,0,0,0,0,0,0,0,0,0,0,0,0
UCuWbqDI1CbUKp8myXh71jrw,0,0,0,0,0,0,0,0,0,0,0,0
UC_JIOktBLfTHoWzi9R9bgrg,0,0,1,0,0,0,0,0,0,0,0,0
UCsORqCTn-6JHnAxoaxI9bcw,0,0,1,0,0,0,0,1,0,0,0,0
UCHtZ2_7hd1zy9aCqrrcaqcQ,0,0,0,0,0,0,0,0,0,0,0,0
UCd2rTHJH5AsOzLTpHkP99kg,0,0,0,0,0,0,0,0,0,0,0,0
UCsIoBmCIpp62ikGuXA_4SoQ,1,0,0,0,0,0,1,0,0,0,0,0
UCI9Mjb1djoXoGt1X1GjAjEQ,0,0,0,0,0,0,0,0,0,0,0,0
UCIDib6YIUc4Jx34YL3QDZHA,0,0,0,0,0,0,0,0,0,0,0,0
UCVNrpO7KiVMdwOdFZwLkWRA,0,0,0,0,0,0,0,0,0,0,0,0
UCqjaTPCl-Ljsiz4kkiuo6RQ,1,0,1,0,0,0,0,0,0,0,0,0
UCxgshx_A4p-uraUwDN-ohgg,0,0,0,0,0,0,0,0,0,0,0,0
UCRP4LUxsY0ukF1KAFovNLmg,0,0,0,0,0,0,0,0,0,0,0,0
UCJ3QdAJS0e6_f9Bdj_rbB5g,0,0,0,0,0,0,0,0,0,0,0,0
UCKVXtVmnVNcgttb6Bz66H-w,0,0,0,0,0,0,0,0,0,0,0,0
UCwo9EudhZHe7Ru4D9GgcmCA,0,0,0,0,0,0,0,0,0,0,0,0
UCQe2Y7V-C9bNMAcCJCBvzQQ,0,0,0,0,0,1,0,0,0,0,0,0
UCFPeS5IEyYAHyAUPxLcw1yg,0,0,1,0,0,0,0,0,0,0,0,0
UCcUYGJmWfnkIyE36wss_nAw,0,0,0,0,0,0,0,0,0,0,0,0
UC7b4nlTqLVbuyC2Jjw0LqnQ,1,0,0,0,0,0,0,0,0,0,0,0
UCChgz-3siL4W3V9FW2sWEHQ,0,1,1,0,0,0,0,0,0,0,0,0
UCv9cFczm2s-AtARtwJiLhVw,0,1,1,0,0,0,0,0,0,0,0,0
UCNCcCPWqkXntAspdI913Y4w,0,0,0,0,0,0,0,0,0,0,0,0
UCAjpFyA7FCRoGOuj5i4kq9g,1,1,1,0,0,1,0,0,0,0,0,0
UCGlG8pRVaWZmNCoqWS9qbNw,0,0,0,0,0,0,0,0,0,0,0,0
UCSt55-pDm3CPD8hXhXRNdmA,0,0,1,0,0,0,0,0,0,0,0,0
UCq19CAtpAT9LfVqLUQi11hA,0,0,0,0,0,0,0,0,0,0,0,0
UCft4i6nPp3srzTAy8w1hSbQ,0,0,0,0,0,0,0,0,0,0,0,0
UCP8BV2rMZwr6YtKYTsLaH8w,1,0,1,0,0,0,1,0,0,0,0,0
UCnV0EMlMgCW2F8jZF6MLYKw,0,0,0,0,0,0,0,0,0,0,0,0
UCu-I_FN07kcDjSIlo5s-OUw,0,0,0,0,0,0,0,0,0,0,0,0
UC39Vjs-cQ6JnDKMwJ0cyJ6Q,0,0,0,0,0,0,0,0,0,0,0,0
UCui2OwlMBfTW2RWOGDCdI6w,0,0,0,0,0,0,0,0,0,0,0,0
UC5Y7sNRTgY78NI_E2lsJ64w,0,0,0,0,0,0,0,0,0,0,0,0
UCT80pRmuw_PIw_5HrqL9HPQ,1,0,1,0,0,0,0,0,0,0,0,0
UC1Kr3zq4xr5eIUFu3Gar8EQ,0,0,0,0,0,0,0,0,0,0,0,0
UCYJ_aFS9KwUE-2EKGB0IJsQ,0,1,0,0,0,0,0,1,0,0,0,0
UC1HMqw-2O2NnmK0Z5-8IzPw,0,0,0,0,0,0,0,0,0,0,0,0
UC23az39QBZZn2rt2Kch0OhA,0,1,1,0,0,0,0,1,0,0,0,0
UCooWvuL-d5lL4KhQvyLSlDw,0,0,0,0,0,0,0,0,0,0,0,0
UC7VKNKUyBasHxHSnxcG249w,0,0,0,0,0,0,0,0,0,0,0,0
UC40xkOfqcILW34IlfyGLMCQ,1,0,1,0,0,0,0,0,0,0,0,0
UCVc_oqdgoVCNh4gpN-dEshQ,0,0,0,0,0,0,0,0,0,0,0,0
UC5ql99d3dDMuRQDJkZHUNaA,1,1,1,0,0,0,0,0,0,0,0,0
UCunkR_ekffRWZppVa1E6tIA,0,0,0,0,0,0,0,0,0,0,0,0
UCKNxe9-HQRngiQ0DOXVdzIg,0,0,0,0,0,0,0,0,0,0,0,0
UCSK2RFSWBUZ5aCz27jcg0Dg,0,0,0,0,0,0,0,0,0,0,0,0
UCmraZwWAlMHxyR5nVjWzRPQ,0,0,0,0,0,0,0,0,0,0,0,0
UC03GdYOZbnLQAPDXmjc6W9g,1,0,1,0,0,0,0,0,0,0,0,0
UCNz1NDkML_9CITkgAZap_EQ,0,0,0,0,0,0,0,0,0,0,0,0
UC49lY9F3iV3m2pe1xVaxfwg,1,1,1,0,0,0,0,0,0,0,0,0
UCcy8AQ6QZRuoHxR7c5ZVHMA,0,0,0,0,0,0,0,0,0,0,0,0
UCuxe7OCum_5OGfG8A5GOgFQ,0,0,0,0,0,0,0,0,0,0,0,0
UCxLOTgnqpSqQp_kMPlb7PWw,0,0,0,0,0,0,0,0,0,0,0,0
UCCXyLN2CaDUyuEulSCvqb2w,1,1,1,0,0,0,0,0,0,0,0,0
UC5hY3L7-g2rrX1Lh8lghNKA,0,0,0,0,0,0,0,0,0,0,0,0
UC25Vv5QnoLGF-LH__bHvYAg,0,0,0,0,0,0,0,0,0,0,0,0
UCeib2to0A3t7fe1rjNUZ2VA,0,0,0,0,0,0,0,0,0,0,0,0
UC-Gk_QcTbNd8XFNJJIvN_HA,0,0,0,0,0,0,0,0,0,0,0,0
UCcML_Jc32zi_QHWN2Ou5sAw,1,1,0,0,0,0,0,0,0,0,0,0
UCayRpbmAiiuU50OpDPVSjwA,1,1,1,0,0,0,0,0,0,0,0,0
UCinWuQYlQ71IM6mjxvjYowA,0,0,0,0,0,0,0,0,0,0,0,0
UC6LKuH7RPkvRmzS9-8URtqA,0,0,1,1,0,0,0,0,0,0,0,0
UCuW8NszZfAwPm5_qPJ1m9Hg,0,0,0,0,0,0,0,0,0,0,0,0
UCJREs4tLUt41Cb8Y6Yz0Q9A,0,1,1,0,0,0,0,0,0,0,0,0
UCvxzTKmHYIvGJMHXCkOQSoA,0,0,0,0,0,0,0,0,0,0,0,0
UC6Bc7FI-EwV21Z0eWAn8CLw,0,0,1,0,0,0,0,0,0,0,0,0
UCzjKFGxAQKNsydtyJMRLeEA,0,0,0,0,0,0,0,0,0,0,0,0
UCo82xGxmrhvJJcu6clXd2RQ,0,0,0,0,0,0,0,0,0,0,0,0
UChqgQO1KT8pNKbxFkIm65vA,0,0,0,0,0,0,0,0,0,0,0,0
UCW-nTiduQso39qU-nwRLFnw,1,0,0,0,0,0,0,0,0,0,0,0
UCeyYwRwsnlJqjEk9r0zN-Tg,0,0,0,0,0,0,0,0,0,0,0,0
UCt7x-R__qoamGgpoACGbMRA,1,0,1,0,0,1,0,0,0,0,0,0
UClgSs8tiO7xFDoHfOyjYfBQ,0,0,1,0,0,0,0,0,0,0,0,0
UCdyPIHVssA27_6C4ONHerdA,0,0,0,0,0,0,0,0,0,0,0,0
UCc-2P5tCezbxegb7gxp6EXg,1,0,1,0,0,0,0,0,0,0,0,1
UCz9jiBFADtVsjQj6uw5View,0,0,0,0,0,0,0,0,0,0,0,0
UCnspcLs2srRSiSN9QbQyzgA,0,0,0,0,0,0,0,0,0,0,0,0
UCQphRgAhj5UxktrQNP3WF5g,1,1,1,0,0,0,0,0,0,0,0,0
UCqjs1q8AgAVNiXMeSUTgRdw,0,0,0,0,0,0,0,0,0,0,0,0
UClrspzn-LEl1IS7PP6J2Dyw,1,1,1,0,0,0,0,0,0,0,0,0
UCQ0y1zqDwr7c-4_0Sn3OiNg,0,0,0,0,0,0,0,0,0,0,0,0
UCOHrblE5RytYqNt93C-6xlw,1,1,0,0,0,0,0,0,0,0,0,0
UCaFLF1d0KWvzXFup7fhSuBQ,0,0,0,0,0,0,0,0,0,0,0,0
UCX0QUC6ydqtM3yoZ-DCi2dQ,0,0,1,0,0,0,0,1,0,0,0,0
UC15U8LldHq-u_VtBZ5WD-vA,0,1,1,0,0,0,0,0,0,0,0,0
UC1r0AHAR1JqhdpnVaxRt2Dw,0,0,0,0,0,0,0,0,0,0,0,0
UCwW65z28kuEMHWJnYLBumFA,0,1,1,0,0,0,0,0,0,0,0,0
UC_Pa9A3YASuRuiXYkdY6cJA,0,0,0,0,0,0,0,1,0,0,0,0
UC8LDjhMPm6UaeT5B7IHZTIg,0,0,0,0,0,0,0,0,0,0,0,0
UCnda2vfoiN9UBuzvoMtvg4w,1,1,1,0,0,0,0,0,0,0,0,0
UCElmdUDpMSEhkzYDBM5D1VQ,0,0,0,0,0,0,0,0,0,0,0,0
UCZIXEpDUR07NvzHweJKADvQ,1,0,0,0,0,1,0,0,0,0,0,0
UC8slk_6v-581FuStNtDObcA,0,0,0,0,0,0,0,0,0,0,0,0
UCR0mY8lqnHQ2jMAiuPz5cuQ,0,0,0,0,0,0,0,0,0,0,0,0
UCnIup-Jnwr6emLxO8McEhSw,0,1,1,0,0,0,0,0,0,0,0,0
UCJplp5SjeGSdVdwsfb9Q7lQ,1,0,1,0,0,0,0,0,0,0,0,0
UCaNWG1vNcB-efbVwP-Ucb7A,0,0,0,0,0,0,0,0,0,0,0,0
UCRx3mKNUdl8QE06nEug7p6Q,1,1,1,1,0,0,0,0,1,0,0,0
UCUY6t_N9MyEWu6I0ZXkbtKA,1,0,1,0,0,0,0,0,0,0,0,0
UCWTUogPOPESVYvncnqp-rMA,0,1,1,0,0,0,0,0,0,0,0,0
UCbvMKgaNd9tDl8_ZjoorVdQ,0,1,1,0,0,0,0,1,0,0,0,0
UCdtn2lX0irVHd-MRHBmYuFw,0,1,1,0,0,0,0,1,1,0,0,0
UCIJ44QRtVGm_gBh_deuL5ow,1,0,1,0,0,0,0,0,0,0,0,0
UCssHNwKWTd9Aa3XbhltmO8g,1,0,1,0,0,0,1,0,0,0,0,0
UCUJz3Kx_UkivcPzdAmcFAPg,0,1,1,0,0,0,0,0,0,0,0,0
UC4WbPrDz80xWhm__jTYr1zQ,0,0,1,0,0,0,0,0,0,0,0,0
UCrEySuymGAXrm9ivZXmsG5g,0,0,0,0,0,0,0,0,0,0,0,0
UCyRzREMDp5tGKGkorYJ68vA,0,0,0,0,0,0,0,0,0,0,0,0
UChm75zB1lcC54HIreBjp3cA,0,0,0,0,0,0,0,0,0,0,0,0
UCrreHSUa5rnuCVDeO8dX4eA,0,0,0,0,0,0,0,0,0,0,0,0
UCTFiwqN4vrW7axA1Nr1DmZQ,0,0,0,0,0,0,0,0,0,0,0,0
UCrNnk0wFBnCS1awGjq_ijGQ,1,1,1,0,0,0,0,0,0,0,0,0
UC11SnGdJ_dCMfyWU3_Q-dlA,0,1,1,0,0,0,0,1,0,0,0,0
UCak0K2x6thcwx2HgvLKbkDA,1,1,1,0,0,0,1,0,0,1,0,0
UCi62-PN2YhhyLOOOYIHBYrg,0,0,0,0,0,0,0,0,0,0,0,0
UCCotmb6EB1FzgoGzYsT4j3A,0,0,0,0,0,0,0,0,0,0,0,0
UCgCuSz_4D6oOgxk4_CMtlag,0,0,0,0,0,0,0,0,0,0,0,0
UCawoeM28kp5w6wQwwDl5GsQ,0,0,0,0,0,0,0,0,0,0,0,0
UC7ZwQ2SmU952NRs1-KtKYFg,1,1,1,0,0,0,0,0,0,0,0,0
UCs7on9W7SIbyO4f-Pb7lgbg,0,1,1,0,0,0,0,0,0,0,0,0
UCuPwpWv51QQbb3lxR4K_bTQ,1,0,0,0,0,1,1,0,0,0,0,0
UCcsCqyzOf5LGGIrl7VCxFgw,0,0,0,0,0,0,0,0,0,0,0,0
UCurhhc188L7ARz8YMiQN7qw,1,0,0,0,0,0,0,0,0,0,0,1
UCJ2Zpj_vN9aKAtSbWytBAAQ,0,0,0,0,0,0,0,0,0,0,0,0
UCx790OVgpTC1UVBQIqu3gnQ,1,0,1,0,0,0,0,1,0,0,0,0
UCN7Vzk6tT4QsoYxHnKxrbyA,0,0,0,0,0,0,0,0,0,0,0,0
UC_c4psnFX-ZyCUXA_vlXpIQ,0,0,0,0,0,0,0,0,0,0,0,0
UCfQiA455x2qMpnYNyfyYi-w,0,1,1,0,0,0,0,1,1,0,0,0
UCdf3-6uDX7QAiuTpnoYKAUA,0,0,0,0,0,0,0,0,0,0,0,0
UCEG6CjJdFAk7BfSVXxMWVgA,0,0,0,0,0,0,0,0,0,0,0,0
UCEXFDIAmobI0x7D7rnuCE7Q,0,0,1,0,0,0,0,0,0,0,0,0
UC3rn3yj-3LlNWnY5ta8qVXA,0,0,0,0,0,0,0,1,0,0,0,0
UCiRRt7kZ8FA28fhdxrG2y4g,0,0,0,0,0,0,0,0,0,0,0,0
UCH0HvBshlVE7gCoV6as51og,0,1,1,0,0,0,0,0,0,0,0,0
UCc6k9Dfebh7KZnrIl2k3AtA,1,0,1,0,0,0,0,0,0,0,0,0
UC3Xvtda2B1OGhAoOorTVzbA,0,0,0,0,0,0,0,0,0,0,0,0
UCdPjfKIGOdNwJB8EFe-Ov5Q,0,1,0,0,0,0,0,0,0,0,0,0
UC480nIZgyKB7TV3F9K8mvaQ,0,0,0,0,0,0,0,0,0,0,0,0
UCy8JE02vK0Ag5IxBaENVSDA,0,1,1,1,0,0,0,0,1,0,0,0
UCF6JZbABQaC2wQ0KId8cghQ,1,0,0,0,0,0,0,0,0,0,0,0
UCt3r0P8fkPJwoLfxLP04Y3g,1,0,0,0,0,0,0,0,0,0,0,0
UCz1wcY6q4NfskgSEHD-buXg,0,0,0,0,0,0,0,0,0,0,0,0
UCpAWa_OKUOs3g3XavgdrlFw,0,0,0,0,0,0,0,0,0,0,0,0
UCK28K1IprwHTpOEy95DXGsg,0,0,0,0,0,0,0,0,0,0,0,0
UCVUdHi-tdW5AKdzMiTPG97Q,0,1,1,0,0,0,0,0,0,0,0,0
UCmFe3H3RS9lj76bj4p_Clyg,0,0,0,0,0,0,0,0,0,0,0,0
UCgKdmbAuRC8-jjpDy6Amhew,1,1,1,0,0,0,0,0,1,0,0,0
UCEUo20MbQDaZ19y7GR6o5CQ,0,0,1,0,0,0,0,0,0,0,0,0
UCovmRajiPdj800jgO22CEcQ,0,0,0,0,0,0,0,0,0,0,0,0
UCB5DCrEQdSSE0t7lwK9g48Q,0,0,0,0,0,0,0,0,0,0,0,0
UCW9mpfvO5t3KY0vDn8c9yGg,0,0,0,0,0,0,0,0,0,0,0,0
UCKIY7MfhM34LXoUmLyIDYvA,0,1,1,0,1,0,0,1,0,0,0,0
UCcodAvIIZt7PEbT4g6oQUuQ,0,0,0,0,0,0,0,0,0,0,0,0
UCdodt9k7SFkQmmYkqDawVAg,0,0,0,0,0,0,0,0,0,0,0,0
UCfeIkx_3ajdIvFtsHWduThg,0,0,0,0,0,0,0,0,0,0,0,0
UCegSM4eTvXqXylcPQ2SDezw,0,0,0,0,0,0,0,0,0,0,0,0
UCE0juXWwPCEPdgHGAW91NtQ,1,0,1,0,0,0,1,1,0,0,0,0
UCBHtFOBvwfEAq4S4mY3OnhA,0,0,0,0,0,0,0,0,0,0,0,0
UCmoZaeNippb_rRujSSDZWlw,0,0,0,0,0,0,0,0,0,0,0,0
UCKcC6ZyP333NzA2HdayGl3g,0,0,0,0,0,0,0,0,0,0,0,0
UCkxXL3q6RjJ3Jxpxp_9453A,0,0,0,0,0,0,0,0,0,0,0,0
UCspBJnvek5bUBpwLSjp4IAg,1,1,1,0,0,0,0,0,0,0,0,0
UCACE1oA4yri1aXv2vgWBqsA,0,1,1,0,0,0,0,1,0,0,0,0
UCoi3aLlLa6xs0A1QwR_7oxA,0,0,1,0,0,0,0,0,0,0,0,0
UCUVnfQaEmCIhFZC5d_JniyQ,1,1,1,0,0,0,0,0,0,0,0,0
UCYv3LK7PNvRhyn168WAPCBA,0,0,0,0,0,0,0,0,0,0,0,0
UCK9tdfBjgXI0iXExp6D9H1w,0,0,0,0,0,0,0,0,0,0,0,0
UC5dXyZnDNRKKNiZ89JwpdAA,0,0,0,0,0,0,0,0,0,0,0,0
UC9ERyu2IC09qxhUAMlYOrOQ,0,0,0,0,0,0,0,0,0,0,0,0
UCt9SZgFExNwWTH5T_JnyF-A,0,0,1,0,0,0,0,0,0,0,0,0
UCg-YSRB6TsIq-c5PUZ0F1Jg,1,1,1,0,0,0,0,0,0,0,0,0
UCCOSYITWQHRSUxvlQ4_PSCg,1,1,1,0,1,0,0,0,0,0,0,0
UCMein5OasYr4Qvb2wsqKmDA,0,0,0,0,0,0,0,0,0,0,0,0
UC1fDuZS5ocvRje3wn_WurQQ,0,0,0,0,0,0,0,0,0,0,0,0
UC6cB9lGyhVKdxxAL-hS-r6Q,0,0,0,0,0,0,0,0,0,0,0,0
UCmxy940oB8wEKz602zya6rw,0,1,1,0,0,0,0,0,0,0,0,0
UCcXEFiBWB1qPBD2FeieAKHA,0,0,0,0,0,0,0,0,0,0,0,0
UCRL3LmQvt3G0d5UFnLPUKNA,0,0,1,0,0,0,0,0,0,0,0,0
UCGxxQTE7NmP35YhtmuWGtcA,0,0,0,0,0,0,0,0,0,0,0,0
UCdvZyOdIUeenZjNET0scceA,0,0,0,0,0,0,0,0,0,0,0,0
UCRdVJ9XqHCb6BqApCIO_TYg,1,1,1,0,0,0,0,0,0,0,0,0
UCiifkYAs_bq1pt_zbNAzYGg,1,1,1,0,0,0,0,0,0,0,0,0
UCDdq-AP4ELW0Jhzo3XrCibA,0,0,0,0,0,0,0,0,0,0,0,0
UCKOWKl8r7W2Fp9VP6MOo2Vg,0,1,1,0,0,0,0,0,0,0,0,0
UCWzjHW6wDM7-X7RvlbuGAOQ,0,0,0,0,0,0,0,0,0,0,0,0
UCwmPX6VM_fwhUX7tEnxV8Hw,0,0,0,0,0,0,0,0,0,0,0,0
UCUqVGpeUwrFZFNurg8pb8-w,0,0,0,0,0,0,0,0,0,0,0,0
UC3LUKl_RkACnX-fLtaJQ1ZA,0,0,0,0,0,0,0,0,0,0,0,0
UCcE1Ou8AFx01u_HVfFIIk4Q,0,0,0,0,0,0,0,0,0,0,0,0
UCLAX0ZPNC9nrzCxNGbdABkg,0,0,0,0,0,0,0,0,0,0,0,0
UCn9aylfW5MHOWBGQNaO_Img,0,0,0,0,0,0,0,1,0,0,0,0
UCeKFnLai0rHDtuGa_1BiDOQ,0,0,0,0,0,0,0,0,0,0,0,0
UCmkgg5el8Fg3IX_baZyfSaQ,1,1,1,0,0,0,0,0,0,0,0,0
UCjcDfiG5ViPeTVCEXvlxryw,0,0,0,0,0,0,0,0,0,0,0,0
UC7dPFcwt6CYYfH6pddOS6Lg,0,0,0,0,0,0,0,0,0,0,0,0
UC4N3oJKxR9rf1mE-UKHD4uw,0,0,0,0,0,0,0,0,0,0,0,0
UCaOJC_hkLN7qcI_YcEemJrA,0,0,1,0,0,0,0,1,0,0,0,0
UCS0iYqlX7ZB5f-ez-LUjYMg,0,0,0,0,0,0,0,0,0,0,0,0
UCw1hNwqMnoK2ExDYc1C68Qg,0,1,1,0,0,0,0,0,0,0,0,0
UCK5b_ZpkpAK6yi48u-tIsmA,0,0,0,0,0,0,0,0,0,0,0,0
UC5aphW8KFNRX2YSgDQVlobQ,0,0,0,0,0,0,0,0,0,0,0,0
UC3JabibvZ2NQFZHsI0eVOrw,0,0,0,0,0,0,0,0,0,0,0,0
UC2w5Nr8hsN-HjOVidBqDDOA,0,0,1,0,0,0,0,0,0,0,0,0
UC_xkEASf2ctn0fbxdKds53w,0,0,0,0,0,0,0,0,0,0,0,0
UC1q0PcMX2KX_xWVAWx0dS9Q,0,0,0,0,0,0,0,0,0,0,0,0
UCCQ2T12D0RaMISdp5FToN8A,0,0,0,0,0,0,0,0,0,0,0,0
UC9VVI_PzSXORzYmg5Us9iYw,0,1,0,0,0,0,0,0,0,1,0,0
UCfrREf-q6PbTxNgsB5XAp6A,1,1,1,0,0,0,0,0,0,0,0,0
UC5hGF_3toFzHf-efSFEWNrA,0,0,0,0,0,0,0,0,0,0,0,0
UClUsCEaF7EkbNFLBOwjCK8w,0,0,1,0,0,0,0,0,0,0,0,0
UCW5xCqirsmdKqYWYMj-pVUw,0,0,0,0,0,0,0,0,0,0,0,0
UC33fkk4oNhgT33DXMQroZ2A,0,0,0,0,0,0,0,0,0,0,0,0
UCUH9ymJSEZadhDuRgo0YzlA,0,0,0,0,0,0,0,0,0,0,0,0
UC1PUDdvVZWHrGbKTU1s-4_w,0,0,0,0,0,0,0,0,0,0,0,0
UCkYctg8pT2rKmXTOMNpUlRw,0,0,0,0,0,0,0,0,0,0,0,0
UCwd8sXm9BjOomh19pZOSu6g,0,0,0,0,0,0,0,0,0,0,0,0
UCi0vvYE1OQoG25FCSoPGTRw,0,0,0,0,0,0,0,0,0,0,0,0
UCkVnkJQ07pipfs_dRvclGcw,0,0,0,0,0,0,0,0,0,0,0,0
UCwfGWU2TJy8R4B43vU5FotA,0,0,0,0,0,0,0,0,0,0,0,0
UC5emGb55SWV0t-rP0nS6neA,0,0,0,0,0,0,0,0,0,0,0,0
UCtIGiOgAUxka5MTnALd3jUA,0,0,0,0,0,0,0,0,0,0,0,0
UCrbbNX6EqnbRQD09YkWULwA,0,0,0,0,0,0,0,0,0,0,0,0
UC7zUpv5LTAXy5c9jhhRz82g,0,0,0,0,0,0,0,0,0,0,0,0
UCcrHy0Y4MdTjEhQ9tyQO9nw,0,0,0,0,0,0,0,0,0,0,0,0
UCNBlftXlKWgKByxA43ZE69w,0,0,0,0,0,0,0,0,0,0,0,0
UCFAY2SDsmZQM-M0sYwU2Kkg,0,0,0,0,0,0,0,0,0,0,0,0
UCTwfjCfI1E98gSRXvFeipqw,0,0,1,0,0,0,0,0,1,0,0,0
UCNzVOsgJW2YbjNx-I0rZrOg,0,0,1,0,0,0,0,0,0,0,0,0
UCNqmmckGo2NEToV_l8upJxg,0,0,0,0,0,0,0,0,0,0,0,0
UC472FfyZD8eQBjgyJYs4QPA,0,0,0,0,0,0,0,0,0,0,0,0
UCUoTHtplln4H6jVZZyWXapw,0,0,0,0,0,0,0,0,0,0,0,0
UCn4fnhBLu54sMT04sOIvBkQ,0,0,0,0,0,0,0,0,0,0,0,0
UCfl4d1jiBqqGfbW33GJ5u2A,0,0,0,0,0,0,0,0,0,0,0,0
UCjlvzsw4fDMw60cDqPC4aJA,0,0,0,0,0,0,0,0,0,0,0,0
UCfQO-yhr3ECSksNDkiVe_rg,0,0,0,0,0,0,0,0,0,0,0,0
UCmPdC-x5cbRx2n8YpuVrq0A,0,0,0,0,0,0,0,0,0,0,0,0
UCmxGO04h7fECstn7rVn3lPA,0,0,0,0,0,0,0,0,0,0,0,0
UC5OgxhdZzlmuyGzuI7rrNDg,0,0,0,0,0,0,0,0,0,0,0,0
UC9a0m5kqBqO3_qPWcdNKJgQ,0,0,0,0,0,0,0,0,0,0,0,0
UCqz6ZXFmEQXvrdkWL3Wj_Tg,0,0,0,0,0,0,0,0,0,0,0,0
UCRDlNXEq7FRme7fFxfoxvyA,0,0,0,0,0,0,0,0,0,0,0,0
UCDFP_kA7QpmH_XsIxKRoOug,0,0,0,0,0,0,0,0,0,0,0,0
UCbpQVYv7UGlSXlfXsJ5hbMg,0,0,0,0,0,0,0,0,0,0,0,0
UCLlCvdOTqNMVZ97Url1vdSw,0,0,0,0,0,0,0,0,0,0,0,0
UCk7cDqWKk5wuVVYrOrYDtAg,0,0,0,0,0,0,0,0,0,0,0,0
UC284ITkkYi_i8gyhe57gGUA,0,1,1,0,0,0,0,0,0,0,0,0
UCjUcFh_3XIenEFtEukl1_vA,0,0,0,0,0,0,0,0,0,0,0,0
UCO8YuKU9uVZ5hAJo1ZIO-ig,0,0,0,0,0,0,0,0,0,0,0,0
UC7MNeyG3pCEx8Ij9mcss0-A,1,0,0,0,0,0,0,0,0,0,0,0
UCXDhDkZHuO43yYybfE9DxXg,0,0,0,0,0,0,0,0,0,0,0,0
UCifIm974Y7OFsGxN_Q-MqIw,0,0,0,0,0,0,0,1,0,0,0,0
UCGlLMOrZp8uQAYTPcFROftA,0,0,0,0,0,0,0,0,0,0,0,0
UCscRBz9tK_7sbMzTGxnDbFw,0,0,0,0,0,0,0,0,0,0,0,0
UCWWZgBurapVDUD-pP57rfSQ,0,0,0,0,0,0,0,0,0,0,0,0
UCkot3vGQtlFTOJYf974YN2w,1,0,1,0,0,0,1,0,0,0,0,0
UCdKicyl_ve5oyjasiO6njgQ,0,0,0,0,0,0,0,0,0,0,0,0
UCmUJ2usJiEz1FA1WhgVg6lA,0,0,0,0,0,0,0,0,0,0,0,0
UCD3ZiniSUmCoCAWDAeVPYHg,0,0,0,0,0,0,0,0,0,0,0,0
UCO35rF2Re0RO9e-0oL2x7Mw,1,1,0,0,0,0,0,0,0,0,0,0
UCwrMOYpxIBbu9d0ih1esQtg,0,0,0,0,0,0,0,0,0,0,0,0
UChlVnVt9qFtPfR6CYYQUTjQ,0,0,0,0,0,0,0,0,0,0,0,0
UC8nOSCbwWxpKvNwQa_CRKkw,0,0,0,0,0,0,0,0,0,0,0,0
UClx7ps6plxOepID9yfLY8Ww,0,0,0,0,0,0,0,0,0,0,0,0
UCsqz09vso8ki1rcRrtO6e7A,0,0,0,0,0,0,0,0,0,0,0,0
UCXTDyrtsV_MU_YfFfXA6MMQ,0,1,1,0,0,0,0,0,0,0,0,0
UCTng_sJyTuWwW1XFpSfK2Hg,0,0,0,0,0,0,0,0,0,0,0,0
UC1ASeSrQTGtWO3RYOYV8xYw,0,0,0,0,0,0,0,0,0,0,0,0
UC42WRb1LOw8jwJd4eqoi3RQ,0,0,0,0,0,0,0,0,0,0,0,0
UChywlcOh5K5wvnu0YZhrnmw,0,0,0,0,0,0,0,0,0,0,0,0
UCXRCVbIiwhN_AnE6QTNRmJw,0,0,0,0,0,0,0,0,0,0,0,0
UCuo4PXbSAdxKhsxmvIF7Bew,0,0,0,0,0,0,0,0,0,0,0,0
UCafAZdda1GHMuXZEXUtbMUQ,0,0,0,0,0,0,0,0,0,0,0,0
UCPJEHjJgO8nmOxktUhdXyjQ,1,0,1,0,1,0,0,0,0,0,0,0
UC16fhd4QK0N3qIYWg2MqoJg,0,0,0,0,0,0,0,0,0,0,0,0
UCQd6vI5UOOl73o9Wr5PO4iw,0,0,0,0,0,0,0,0,0,0,0,0
UCzGf0DdUJVrsbcWL3e_tK1Q,0,1,1,0,0,0,0,0,0,0,0,0
UCzfIkAJxur-8DJyvxEkYp_A,0,0,0,0,0,0,0,0,0,0,0,0
UCf0lplXzcBctdVEYUt155sg,0,0,0,0,0,0,0,0,0,0,0,0
UCpKaCg153iCvngJ3IOuBh2w,0,0,0,0,0,0,0,0,0,0,0,0
UCE34fwgW7kWr7tc7YiOWtRw,0,1,1,0,0,0,0,0,0,0,0,0
UC8ai7JwuCjOu8HYuads28EA,0,0,0,0,0,0,0,0,0,0,0,0
UCv2q8x0RieXyV63TwKELwAg,0,0,0,0,0,0,0,0,0,0,0,0
UC8ZyvXxO0tvyct3ixFUbdiA,0,0,0,0,0,0,0,0,0,0,0,0
UCNt7ly5bqEhkYgHvbq3eOJQ,0,0,0,0,0,0,0,0,0,0,0,0
UCzc1yj23emZOMBCJ3ShnBqg,0,0,0,0,0,0,0,0,0,0,0,0
UCHJNIjWLG8KW-Nj4sfqC9Qw,0,0,1,0,0,0,0,0,0,0,0,0
UCV9vjMX5lRhNAw0qUuDJAgw,0,0,0,0,0,0,0,0,0,0,0,0
UCFhALvednR_FGZHbeRR_nUQ,0,0,0,0,0,0,0,0,0,0,0,0
UC7-pn1VhkqM4NCy6imGiJSg,0,0,0,0,0,0,0,0,0,0,0,0
UC_Ucb4QsP0Mvg3qwP6ubpbw,0,0,1,0,0,0,0,0,0,0,0,0
UC_tQqQewkPnifm3rKuSCl3g,1,1,1,0,0,0,0,0,0,0,0,0
UCwjB0pnfWjWQ7vUWFYlJvrg,0,1,0,0,0,0,0,0,0,0,0,0
UCB1iTqoEI1Hp2eCr1qe8U5g,0,0,0,0,0,0,0,0,0,0,0,0
UCh40H5hYg4uOs8SPNQv-omg,1,0,1,0,0,0,0,0,0,0,0,0
UCceDx-9-JVy3NIeJomoIa7w,0,0,0,0,0,0,0,0,0,0,0,0
UC0YInpJiDsaEOTjghiZsfWw,0,0,0,0,0,0,0,0,0,0,0,0
UCfwyjN6QZDOhfKZVjW8sPew,0,1,0,0,0,0,0,0,0,1,0,0
UCnn6dzgven-uC_9XXO0E0Yg,0,0,0,0,0,0,0,0,0,0,0,0
UCYej-juCoKZ6WAwWtqaD_EA,1,0,0,0,0,0,0,0,0,0,0,0
UCVBcAurjx0JV_TSHzCYGjrA,0,1,1,0,0,0,0,0,0,0,0,0
UCbmFeuMKVHUbZaqWemQv6rg,0,0,0,0,0,0,0,0,0,0,0,0
UC-qJXZpIFyi747gJdjHYT1A,1,1,1,0,0,0,1,1,0,0,0,0
UCe4A5VhTNhzZGfjYsAP2pcQ,0,1,1,0,0,0,0,0,0,0,0,0
UCMI6A41XPvGcqv99f2b0jaA,0,0,0,0,0,0,0,0,0,0,0,0
UCjgaBgc-WAen1DxXsI_Qvqg,0,0,1,0,0,0,1,0,0,0,0,0
UC6oE949Fgi_OXqztyGTJjXg,0,0,0,0,0,0,0,0,0,0,0,0
UCf28qRwU8wrwlm5Dlfl_DxA,0,0,0,0,0,0,0,0,0,0,0,0
UCNlIMbkllH5jTVipezA_HKA,0,0,0,0,0,0,0,0,0,0,0,0
UCzuDLR6BmVVOZvSAGfhK-og,0,0,0,0,0,0,0,0,0,0,0,0
UCFk4xzhBoLSIPB-xHfnUsEw,0,0,0,0,0,0,0,0,0,0,0,0
UCK4eSu-3jROjT2RLBUZAqmQ,0,0,0,0,0,0,0,0,0,0,0,0
UCYpv5RExPDThCn8huhCi9Ow,0,0,0,0,0,0,0,0,0,0,0,0
UCsEu4lk2O55xzm6kXPg0Dag,0,0,0,0,0,0,0,0,0,0,0,0
UCIMVl-VnQ_s2NjhJCHkWr-A,0,0,0,0,0,0,0,0,0,0,0,0
UCrDSp0dk78r34jWrV-6inuw,0,1,0,0,0,0,0,0,0,0,0,0
UCXJwet_hLNDOcJfSdMvtAig,0,0,0,0,0,0,0,0,0,0,0,0
UCGWMC6m9D4OYxxCyu6ZYukg,0,0,0,0,0,0,0,0,0,0,0,0
UCcTdoj4SNNo5pRgPcbJhCSw,0,1,1,0,0,0,0,0,0,0,0,0
UCag4r_nn5S-EDKT4NtVoGeg,0,0,0,0,0,0,0,0,0,0,0,0
UCwxAoBwSosO5i25Mf3wQ7fQ,0,0,0,0,0,0,0,0,0,0,0,0
UCbeX4XQg8u1k_M6nhya0VlA,0,0,0,0,0,0,0,0,0,0,0,0
UCFwqP4rLXDUIf-J4ufme3iA,0,0,0,0,0,0,0,0,0,0,0,0
UCcpmYiIfYIHKhEvIddiIYoA,0,0,0,0,0,0,0,0,0,0,0,0
UCcp5Afr_1qXMhn3UfDhtc6g,0,0,0,0,0,0,0,0,0,0,0,0
UCRxpEdsmC7dojrESS_r5o9A,0,0,0,0,0,0,0,0,0,0,0,0
UCXdR1dlFMgzYQw6q_W7_eFA,0,0,0,0,0,0,0,0,0,0,0,0
UCp6dHULxoo7RtUeDUcVOeqg,0,0,0,0,0,0,0,0,0,0,0,0
UC26shW2UGQ9wIzP0sWDX0bA,0,0,0,0,0,0,0,0,0,0,0,0
UCEG3ulBltfrvOE8baBogJ0g,0,1,1,0,1,1,0,0,0,0,0,0
UCfKiVfd42VuoSn8gCWEZFdA,0,0,0,0,0,0,0,0,0,0,0,0
UCJBdXfI7rjW30TULIx3kVJA,0,0,0,0,0,0,0,0,0,0,0,0
UCnWuEucGbd7vSVSXNSieHNA,0,0,0,0,0,0,0,0,0,0,0,0
UC7G5I7D2WU5YO_v0391tdQg,0,0,1,0,0,0,0,0,0,0,0,0
UCUf7BpZJOP4YnfF2iVDt-_Q,0,0,0,0,0,0,0,0,0,0,0,0
UCuCilda5luFnZdQY6Rrl6Qg,0,0,0,0,0,0,0,0,0,0,0,0
UCeICQYJY4NM3DJqmr1C6nQQ,0,0,0,0,0,0,0,0,0,0,0,0
UC4k16xyKYxzxYVB9yqK67-Q,0,0,0,0,0,0,0,0,0,0,0,0
UC5vACVV3T5vy3wffL-d-ROw,0,0,0,0,0,0,0,0,0,0,0,0
UCarmgZUjfTYKCS8hF6g1eag,0,0,1,0,0,0,0,0,0,0,0,0
UCNz7Bw_1EHtKPOkQsmOjvyg,0,1,0,0,0,0,0,0,0,0,0,0
UCv1Qbk3h5YCe5jdCXrd6Z1g,0,0,0,0,0,0,0,0,0,0,0,0
UC_mDJ4TFmC_2sVRWthSm5Qg,0,1,1,1,0,0,0,0,0,0,0,0
UCJDhSzsEhTtuVA-LgGwaPtg,0,0,0,0,0,0,0,0,0,0,0,0
UCLSJljLmehtomJ-zQHZrI2g,0,0,0,0,0,0,0,0,0,0,0,0
UCIuxFBROG2CS0R3B43cSjmQ,0,0,0,0,0,0,0,0,0,0,0,0
UCMSYG1V8tJB3X2LWPGx4gJw,0,0,0,0,0,0,0,0,0,0,0,0
UCMMU8tKiLc8lNY0P2tuFWNQ,0,0,0,0,0,0,0,0,0,0,0,0
UCgM-S3-UP-hsVpsvG1AjUhg,0,0,0,0,0,0,0,0,0,0,0,0
UCLoKWb_rlp80mg0aSLtsUGw,0,0,0,0,0,0,0,0,0,0,0,0
UC2gkvW4C57bB_nfAPOaa_hQ,0,0,0,0,0,0,0,0,0,0,0,0
UC5oYjAGXJMM-MQ17V4FZi_A,0,0,0,0,0,0,0,0,0,0,0,0
UCCa0BnCIDBGzmw4daUGZ0yg,0,0,0,0,0,0,0,0,0,0,0,0
UC95vlj32IbpE3D7yxyB3v3w,0,0,0,0,0,0,0,0,0,0,0,0
UCHkYJumt7s0sSeQToXTWe-A,0,0,0,0,0,0,0,0,0,0,0,0
UC-ZLvWgNpzmA0wyinntKGhQ,0,0,0,0,0,0,0,0,0,0,0,0
UCubwl8dqXbXc-rYE8MOSUnQ,1,1,1,0,0,0,0,0,0,0,0,0
UCtzJmgydgC-tKjj06pD1nzA,0,0,0,0,0,0,0,0,0,0,0,0
UC2rt67b7__VAlXRPw-zRLNA,0,0,0,0,0,0,0,0,0,0,0,0
UCl7ZXbZUCWI2Hz--OrO4bsA,1,1,1,0,0,0,0,0,0,0,0,0
UCK1Mk7sw4gPH9zAHNkkdsIA,0,1,1,0,0,1,0,0,0,0,0,0
UCyR1NFjV0zajTEKnNjjSmwQ,0,0,0,0,0,0,0,0,0,0,0,0
UC3AgxXIspxGB8Mb-6bO9YlA,0,0,1,0,0,0,0,0,0,0,0,0
UC1Zw8ByGsVpez-QSE7OoyTA,0,0,0,0,0,0,0,0,0,0,0,0
UCwef89ahuI7NyktldnaB3Pg,0,1,1,0,0,0,0,0,0,0,0,0
UCQm7lPfyFeVL8CBGDtT1ARQ,1,1,1,0,1,0,0,0,0,0,0,0
UCsP7Bpw36J666Fct5M8u-ZA,1,1,1,0,0,1,0,0,0,0,0,1
UCHWnj9Q4f8nt0LXnKNL0Qyg,1,1,1,0,0,0,0,0,0,0,0,0
UCNyp7l_6hmeKUrTOULmpiXA,1,1,1,0,0,0,0,0,0,0,0,0
UCAIwP8rS3LQpPC9fcT9O2jw,0,0,0,0,0,0,0,0,0,0,0,0
UCjSKJvqzm64jUFbD_HIj9DQ,0,1,1,0,0,1,0,0,0,0,0,0
UC_1V6W-79v23tzOZfhJZMSQ,0,0,0,0,0,0,0,0,0,0,0,0
UC15L57gijMxDawbshNTuyAQ,0,0,1,0,0,0,0,0,0,0,0,0
UCaKcp9_Vk_IcJvGren0EggQ,1,1,1,0,1,0,0,0,0,0,0,0
UCxlbLx5Sf32DmDZ6-CsNPDQ,0,0,0,0,0,0,0,0,0,0,0,0
UCoItiqwcDVoBVQLV7QkdOCg,0,0,0,0,0,0,0,0,0,0,0,0
UCl-Xmyg8FdWqcqDj61FHoIA,0,0,0,0,0,0,0,0,0,0,0,0
UCmTXojpMxLr_HNW3lBFZI2Q,0,0,0,0,0,0,0,0,0,0,0,0
UCPIUbsdmbMgEmGiZQQH1pWg,0,0,0,0,0,0,0,0,0,0,0,0
UCChj3Umxf4oYV-KWYu7G84w,0,0,0,0,0,0,0,0,0,0,0,0
UC2w-grtBJ1gDvgAntmjA3yA,0,0,0,0,0,0,0,0,0,0,0,0
UCnrO0wqhKpMYUt_wSeaIasw,1,1,1,0,0,0,0,0,0,0,0,1
UCP8x6n1WVwmTeBXt9XaDPKA,0,1,1,0,0,0,0,0,0,0,0,0
UCPpNzLXRaKyoOUeRIbKWbIA,0,0,0,0,0,0,0,0,0,0,0,0
UCF7spvK2_vtkJC9aiulbvJQ,0,0,0,0,0,0,0,0,0,0,0,0
UCzML6bxjl0TIdUfNNK1ZS-g,0,0,0,0,0,0,0,0,0,0,0,0
UC4USoymfPTvU_l4dcU-JB4Q,1,1,0,0,1,0,0,0,0,0,0,0
UC-VE8cOarVPUS5byUX2Tj0A,0,0,0,0,0,0,0,0,0,0,0,0
UCvWg1-T2f15-KJnlmAfHV9w,0,0,0,0,0,0,0,0,0,0,0,0
UCJzxv4eu4HF_k9nwL7GPTzg,1,1,1,0,0,0,0,1,0,0,0,0
UCIhxlcbdzQ_kEjIilDo51ug,0,0,0,0,0,0,0,0,0,0,0,0
UCSEfGt2GeAyEmRhIRJStHdA,0,1,1,0,0,1,0,0,0,0,0,0
UCKEWqxJOT002Ih1W-HTV1hw,0,0,0,0,0,0,0,0,0,0,0,0
UCGQMeaTA8rTcTBcUm4rjeIA,1,1,1,0,0,0,0,0,0,0,0,0
UCMjBlMeJDCqYQQ82BdZu4Ug,0,0,0,0,0,0,0,0,0,0,0,0
UC_IRYSp4auq7hKLvziWVH6w,1,1,1,0,0,0,0,0,0,0,0,0
UCf4eZUW9dBazMjXZPZXditA,0,0,0,0,0,0,0,0,0,0,0,0
UCm3hAp1m1xlAz0ve_EKAo4g,1,0,1,0,0,0,0,0,0,0,0,0
UCZ-oMIRggrNuzsWLtNFXBXw,1,0,1,0,0,0,0,0,0,0,0,0
UCSNRhMeczKQe9ILiMZmyvFQ,0,0,1,0,0,0,0,0,0,0,0,1
UCNqRS1gSJFMNPVwye1gyI_g,0,0,1,0,0,0,0,0,0,0,0,0
UCzBay5naMlbKZicNqYmAQdQ,1,1,1,0,0,0,0,0,0,0,0,0
UCL7UTQpJbDWxzXNBRUyg6lA,0,0,0,0,0,0,0,0,0,0,0,0
UCDCNmuaOXOo25Yn4mbMHhhQ,1,0,1,0,0,0,0,0,0,0,0,0
UCGIY_O-8vW4rfX98KlMkvRg,1,1,1,0,1,0,0,0,0,0,0,0
UC4uDjLTfKvcYlWSFvC4H54Q,0,0,0,0,0,0,0,0,0,0,0,0
UCn1XB-jvmd9fXMzhiA6IR0w,1,1,0,0,1,0,0,0,0,0,0,0
UCVNQwQeJzKT7Scx7ZtzIJ5g,0,0,0,0,0,0,0,0,0,0,0,0
UC_976xMxPgzIa290Hqtk-9g,0,1,1,0,0,0,0,0,0,0,0,0
UCda6cVHHXVEV5C_PG0CPUlQ,0,0,0,0,0,0,0,0,0,0,0,0
UCwnro7pVC3fDjVavLT_LAjQ,1,1,0,0,0,0,0,0,0,0,0,0
UCMWZEwH_zRJkG9wND-qLZAw,0,0,0,0,0,0,0,0,0,0,0,0
UCKsFZFfKOy33O6dut9FglzA,1,0,0,0,0,0,1,0,0,0,0,0
UCwXGRfx8xaKqvj0iXCuDd4Q,0,0,0,0,0,0,0,0,0,0,0,0
UC-lkYjunAyfultKGuRJz6HQ,1,1,1,0,0,0,0,0,0,0,0,0
UCU3JjZIPax0rTWYXAKF6sig,1,1,1,0,0,0,0,0,0,0,0,0
UCPDExPQ09Vc6_Gj_Ga6MwKw,0,1,0,0,0,1,0,0,0,0,0,0
UCuaFvcY4MhZY3U43mMt1dYQ,1,1,1,0,0,0,0,0,0,0,0,0
UC2y7kgcZtegJo9XZl3WuNIQ,1,0,1,0,0,0,0,0,0,0,0,0
UCkK0XNKXOvFkH66AS6jrCCg,0,0,0,0,0,0,0,0,0,0,0,0
UCou6pqxzTSYf8t-ISPmeQQw,0,0,0,0,0,0,0,0,0,0,0,0
UCn-wfy1PwOXzRY45PtbW4eg,0,0,0,0,0,0,0,0,0,0,0,0
UCwtnkRZcvL4bfopzJ-Von8Q,1,1,0,0,0,0,0,0,0,0,0,1
UCMRcDuLibFr60Omlj-eQDzg,0,0,1,0,0,0,0,0,0,0,0,0
UCuDTc9ztKJbsI6yleL3W2Vg,1,0,1,0,0,0,0,0,0,0,0,0
UCwmemCmHWh-yaSrwZFZ6Qjw,0,0,1,0,0,0,0,0,0,0,0,0
UCAvzrANDPiGRN36ZdQ888qQ,0,0,0,0,0,0,0,0,0,0,0,0
UCTwTF-woRHsXsmk4m798BkA,0,0,0,0,0,0,0,0,0,0,0,0
UC1AEadAUKi6Zt-G3PatrU-Q,1,1,1,0,0,0,0,0,0,0,0,0
UC8fRwFWeTgHBEa2pEHYUrbg,0,0,0,0,0,0,0,0,0,0,0,0
UCbZgDzTkBQMkPWYBFESJ3sQ,1,1,1,0,0,0,0,0,0,0,0,1
UCAaZoaGxnLLXHYv6ft0gc5g,1,0,0,0,0,0,0,0,0,0,0,0
UCINb0wqPz-A0dV9nARjJlOQ,1,1,1,0,0,0,0,0,0,0,0,0
UClkUrNgGC4BD6pWURJbM9MQ,1,1,1,0,0,0,0,0,0,0,0,0
UCNvzD7Z-g64bPXxGzaQaa4g,0,1,1,0,0,0,0,0,0,0,0,0
UCakQLdwrxuo0KhJ49Sq2csA,1,1,1,0,0,0,0,0,0,0,0,0
UCqLJF9SFT-CG2pEW0g1sORw,1,0,1,0,0,0,0,0,0,0,0,0
UC-GAhNmY6bkuuRPUSaRI_oQ,0,1,0,0,0,0,0,0,0,1,0,0
UCA0MDADBWmCFro3SXR5mlSg,1,1,1,0,0,0,0,0,0,0,0,0
UCsVvXTcetpFOtlyS-4zw3pw,1,1,0,0,0,0,0,0,0,0,0,0
UCm-l3rWLcfRTedhUDQjSBwQ,0,0,0,0,0,0,0,0,0,0,0,0
UCbDGvfJHf0r_WjS9voB8POA,1,1,0,0,0,0,0,0,0,0,0,0
UCH6vXjt-BA7QHl0KnfL-7RQ,1,1,1,0,0,0,0,0,0,0,0,0
UCKe6w0exI94U-RzqAyoY1VA,0,0,0,0,0,0,0,0,0,0,0,0
UCsKQLakuQKvr4LG4VLOpWDQ,0,1,1,0,0,0,0,0,0,0,0,0
UCcR4cyQyAF-guvk7Wm5Lbqg,1,1,1,0,0,0,0,0,0,0,0,0
UCAP02KoAr4SNo1GBDw9C_FQ,0,0,0,0,0,0,0,0,0,0,0,0
UCI8V0wOaigGdBpv5uk7DxxQ,1,0,0,0,0,0,0,0,0,0,0,0
UC5XyjtgkUGC2jt2q7XoRk5Q,0,0,0,0,0,0,0,0,0,0,0,0
UCBODyKF0JMbUd6D9Bklyzbw,1,1,0,1,0,0,0,0,0,0,0,0
UCOQ8spP7Ke9pHA9rs-I4hxw,1,0,1,0,0,0,0,0,0,0,0,0
UC0Ljt5hQIYEgInaSjtFhs7Q,0,0,0,0,0,0,0,0,0,0,0,0
UCCMfRxCMnIjOhkTezygDScQ,1,1,1,0,0,0,0,0,0,0,0,0
UCrXcatz6wlNHjuqgf-tglOA,1,0,1,0,0,0,0,0,0,0,0,0
UCJlXGKBoRbySxzIkxf3BU_A,0,0,0,0,0,0,0,0,0,0,0,0
UCjxq9YFOGXx_wPr5Z8jidEA,1,1,1,0,0,0,0,0,0,0,0,0
UCWI7puXzGTPuxsoW2HD3XxQ,1,0,0,0,0,0,1,0,0,0,0,0
UC8gKWMFvVenlVjgysNojYQg,1,0,0,0,0,0,0,0,0,0,0,0
UCdYlEm7h4mOc0H-7Mo8rB6w,1,1,1,0,0,0,0,0,0,0,0,0
UCFVWgnyVpfvjFOjVz-sSXMw,0,0,0,0,0,0,0,0,0,0,0,0
UCCyKsYaRi62axS-kasXW7wA,1,1,1,0,0,0,0,1,0,0,0,0
UClDb_Tvhc8244G3Y0kyUlTA,0,0,0,0,0,0,0,0,0,0,0,0
UC8PjUR3_ggDFFQ128cU2x6A,0,0,1,0,0,0,0,0,0,0,0,0
UC0Hm5Nghgh9Sc5BM0VXfZ-A,1,0,1,0,0,0,1,0,0,0,0,0
UCI-XUux6eSGm_6VMZBYgFNw,0,0,0,0,0,0,0,0,0,0,0,0
UCZCbaZhIpzXHvCx9Y1Nv0HQ,1,0,1,0,0,0,0,0,0,0,0,0
UC45TGakhd-QcI_Y3WLMz3-g,1,0,0,0,0,0,0,0,0,0,0,0
UCMFZzyhDNnkQUujdM59ZW8g,0,0,0,0,0,0,0,0,0,0,0,0
UCw1rV3Z6pKN3rSPklveRw2A,0,1,1,0,0,0,0,0,0,0,0,0
UC-gdyEpL6WLybaUGve93KUA,1,0,1,0,0,0,0,1,0,0,0,0
UCqvS0UZpSh8ydVQ7TxGNOJw,0,0,0,0,0,0,0,0,0,0,0,0
UCIyARGHwaphJNATI94FoSIw,0,0,0,0,0,0,0,0,0,0,0,0
UCFQt0hOP-1oGZxJs_0NmXpQ,0,0,0,0,0,0,0,0,0,0,0,0
UCoqIcOFK76PnhNRLMb7lNDg,0,0,0,0,0,0,0,0,0,0,0,0
UCo83OnV1SoOZHPQd1UNMx-g,0,1,1,0,0,1,0,0,0,0,0,1
UCsooa4yRKGN_zEE8iknghZA,1,1,1,0,0,0,0,0,0,0,0,0
UCeD7eNPgA7n01Ph_Cv3AcXA,0,0,0,0,0,0,0,0,0,0,0,0
UCkEsUFJsrQ6MgA4gP6_JEAw,0,0,0,0,0,0,0,0,0,0,0,0
UCvQUZE2Di9STdyt4WV0DTJg,0,0,0,0,0,0,0,0,0,0,0,0
UC4_FwMP_wlOYb8yvZkdKJeA,0,1,1,0,0,1,0,0,0,0,0,0
UCdk5Rgx0GXlpSqKrWuf-TKA,1,0,1,0,0,0,0,0,0,0,0,0
UCo-e1gJbOCfZ37R8Mw6VcyQ,0,0,0,0,0,0,0,0,0,0,0,0
UCi8e0iOVk1fEOogdfu4YgfA,1,1,1,0,0,0,0,0,0,0,0,0
UCjah4obLivaa4UZ96hhJNMw,1,0,0,0,0,0,0,0,0,0,0,0
UCpCWa9f5_J3PqY-_Lg-_QfQ,1,0,1,0,0,0,0,0,0,0,0,0
UC0YvTCy1I4_a-3pn47_5DBA,1,1,1,0,0,1,0,0,0,0,0,0
UCXRE36Dr9eg5l5kKu0yGZ-g,1,1,1,0,0,0,0,0,0,0,0,0
UCYv8VkKxvmfYIRbowQALwCw,1,1,1,0,0,0,0,0,0,0,0,1
UC0AeIM8xtiFAgT_N1inUQxQ,0,0,0,0,0,0,0,0,0,0,0,0
UCgyteDB8YaQgi3K90Rgm_Ww,1,0,1,0,0,0,0,0,0,0,0,0
UC1aLdPsHl5R81q4Ga0YBkBw,0,0,0,0,0,0,0,0,0,0,0,0
UC1fIyfhQtm1fSljyKBf2uKA,0,0,0,0,0,0,0,0,0,0,0,0
UCN5Zf3Zyb9Bp9NeqtNwnc5w,1,1,1,0,0,0,0,0,0,0,0,1
UCHMKHitDB2Ij49zzQXKvAxw,1,1,0,0,0,0,1,0,0,0,0,0
UC8mWYDxedkJmUReAiA3ze9w,1,1,1,0,0,0,0,0,0,0,0,0
UCTh_hIQ03IT0hP_qjYyNJdw,1,1,1,0,0,0,0,0,0,0,0,0
UCjmJDM5pRKbUlVIzDYYWb6g,1,1,1,0,0,0,0,0,0,0,0,0
UCUtZTNrZ8CUt_db3q5sEhjA,1,1,1,0,0,0,0,0,0,0,0,0
UC_5niPa-d35gg88HaS7RrIw,1,1,1,0,0,0,0,0,0,0,0,0
UCRiKSjrkkMrlTZqKmBVW9OA,0,0,0,0,0,0,0,0,0,0,0,0
UCjA7GKp_yxbtw896DCpLHmQ,1,1,1,0,0,0,0,0,0,0,0,0
UCDuQjv59yryTAAdC3JXgDrA,1,0,0,0,0,0,0,0,0,0,0,0
UCJ9JIVGOL07BqXp0CoG83fw,0,1,1,0,0,0,0,0,0,0,0,0
UCSoC2lr_xQ3yq3CCbKAgpOQ,0,0,0,0,0,0,0,0,0,0,0,0
UCGcltwAa9xthAVTMF2ZrRYg,0,0,0,0,0,0,0,0,0,0,0,0
UCwpcLKMwiuPg4aqImpGk6Ew,0,0,1,0,0,0,0,0,0,0,0,0
UCdAr9AvTbNm6M7nGNsornBA,0,0,0,0,0,0,0,0,0,0,0,0
UClficNojymRrJdbdjsE7jgQ,0,0,0,0,0,0,0,0,0,0,0,0
UCBnZ16ahKA2DZ_T5W0FPUXg,1,0,1,1,0,0,0,0,0,0,0,0
UCiPGefkyWYC8t5Idvcq7bdg,0,0,0,0,0,0,0,0,0,0,0,0
UC-Gm4EN7nNNR3k67J8ywF4g,1,1,1,0,0,0,0,0,0,0,0,0
UCMsgXPD3wzzt8RxHJmXH7hQ,0,0,0,0,0,0,0,0,0,0,0,0
UCfqAKZyFOKG2kd1I-YzkynQ,0,1,1,0,0,0,0,0,0,0,0,0
UCsCe7SNQckiRJ6y563SIupg,0,1,1,0,0,0,0,1,0,0,0,0
UCuSNBoD1Dy33mpkF1WYPmRA,0,0,0,0,0,0,0,0,0,0,0,0
UC56cowXhoqRWHeqfSJkIQaA,0,1,1,1,0,0,0,0,1,0,0,0
UCGMHLRrGvKWWdk6EAZOqVfQ,1,0,1,0,0,0,0,0,0,0,0,0
UCHia02_AKmqXtxsDxrYOxow,1,0,0,0,0,0,0,0,0,0,0,0
UCE5910LWuMTGWmIJ_WE3KvA,0,0,0,0,0,0,0,0,0,0,0,0
UC7e1XWjOlYy8XlNMeVxeKNg,1,1,1,0,0,0,0,0,0,0,0,0
UCMByxhBLmPtvBMVpMSQrvNQ,0,0,0,0,0,0,0,0,0,0,0,0
UCyu8StPfZWapR6rfW_JgqcA,1,1,1,0,0,0,0,0,0,0,0,0
UC12_HhJo54uqZ5m6xCjoOFA,0,0,0,0,0,0,0,0,0,0,0,0
UCpgG0rtKd-CTzStI9w2ibkg,0,0,1,0,0,0,0,0,0,0,0,0
UCoCSjc-4JCGqOxuhuw-xjSw,0,1,1,0,0,0,0,1,0,0,0,0
UCgFXm4TI8htWmCyJ6cVPG_A,0,0,1,0,0,0,0,0,1,0,0,0
UCZ2yQXzw1y5fu7mHpYUlLLQ,0,0,0,1,0,0,0,0,1,0,0,0
UCFeUyPY6W8qX8w2o6oSiRmw,0,1,1,0,0,0,0,0,0,0,0,0
UCz_A8O-BVFecmxQjcpMMfKA,0,0,0,0,0,0,0,0,0,0,0,0
UCvfsNkKG2I8xM3ly2Fe8Z_Q,0,0,0,0,0,0,0,0,0,0,0,0
UCF0OLOFwYYu5SkDNunKMbqw,1,0,1,0,0,0,0,0,0,0,0,0
UCu7IDy0y-ZA0qaG51wrQY6w,0,0,0,0,0,0,0,0,0,0,0,0
UCy7whoHQXzhYxp9AQmrPFVw,1,0,1,0,0,0,0,0,0,0,0,0
UCHo2Gib_Jx09ym3xDKjyGhg,1,0,0,0,0,0,0,0,0,0,0,0
UCzoFjzSkbrDD1GHsz2YNLig,1,1,1,0,0,0,0,0,0,0,0,0
UCK_X-Yz57wkNo4xSucD7-rg,0,0,0,0,0,0,0,0,0,0,0,0
UC9trsD1jCTXXtN3xIOIU8gg,0,0,1,0,0,0,0,0,0,0,0,0
UCeUYwh-WiIoG47ECQvQxKsA,0,0,1,0,0,0,1,0,0,0,0,0
UCyCuOpIFfSTAllF3BNMX2bg,1,1,1,0,0,0,0,0,0,0,0,0
UCYEHNnr_6XP-NY738hwXL1g,1,0,1,0,0,0,0,0,0,0,0,0
UCiBigY9XM-HaOxUc269ympg,0,1,1,0,0,0,0,0,1,0,0,0
UCRv76wLBC73jiP7LX4C3l8Q,1,1,1,0,0,0,1,0,0,0,0,0
UCXptamDYEVcU4JCio30hYTw,0,0,1,0,0,0,0,1,0,0,0,0
UCkvWlsTswUtMVrEzlu-1sVg,0,0,0,0,0,0,0,0,0,0,0,0
UCNfXFIEOkq7_aZVF3hK9ulw,0,0,0,0,0,0,0,0,0,0,0,0
UCx1xhxQyzR4TT6PmXO0khbQ,1,0,1,0,0,0,0,0,0,0,0,0
UCUU9uHMsysDemU44kOZZNMA,0,0,0,0,0,0,0,0,1,0,0,0
UC3q2YwNGj7ktNf70PqMW72g,1,0,1,0,0,0,0,0,0,0,0,0
UCMBWnFrNI9CGeUwfxlm82Nw,0,0,0,0,0,0,0,0,0,0,0,0
UC4NALVCmcmL5ntpV0thoH6w,1,1,1,1,0,0,0,0,0,0,0,0
UCsPF3cApzCohxPp5oKdoWSQ,0,1,1,0,0,0,0,1,0,0,0,0
UChGJGhZ9SOOHvBB0Y4DOO_w,1,0,0,0,0,0,0,0,0,0,0,0
UCc2_j9TZ1UU9nCedF3UsuFQ,1,1,1,0,0,0,0,0,0,0,0,0
UCP-Ng5SXUEt0VE-TXqRdL6g,1,0,1,0,0,0,0,0,0,0,0,0
UCrRLaQ1hup5VmVINQkgKE7Q,0,0,0,0,0,0,0,0,0,0,0,0
UCIiF_UwiE7CElccxGzmLTvA,0,0,0,0,0,0,0,0,0,0,0,0
UCKqx9r4mrFglauNBJc1L_eg,0,0,0,0,0,0,0,0,1,0,0,0
UCqqJNXpaDa5rtu8QtHRQGYw,0,1,0,0,0,0,0,0,0,0,0,0
UC7Gf2tZ8coTX2ckTPgn62iQ,1,0,1,0,0,0,0,0,0,0,0,0
UCk8GzjMOrta8yxDcKfylJYw,1,0,0,0,0,0,0,0,0,0,0,0
UCHFA6Nt11kE_8OWIya0SQDQ,0,0,0,0,0,0,0,0,0,0,0,0
UCcKJJuOe2tOqgrKw0Gks-sw,1,0,1,0,0,0,0,0,0,0,0,0
UC5K8SEF_7GQBedXIjtXLCRg,0,0,1,0,0,0,0,0,0,0,0,0
UC2RNg_QGZriSGQo6enPLpeQ,1,1,1,0,0,0,0,0,0,0,0,0
UCQ00zWTLrgRQJUb8MHQg21A,0,0,1,0,0,0,0,0,0,0,0,0
